"id","custom_label_0","custom_label_1","custom_label_2","custom_label_3","custom_label_4"
"10588650471723","tier-premium","","","",""
"10405749686571","lepota-i-zdravlje","","","",""
"10405749784875","lepota-i-zdravlje","","","",""
"10589575807275","tier-premium","","","",""
"10572791120171","tier-premium","","","",""
"10568531345707","lepota-i-zdravlje","","","",""
"10572396396843","sve-za-kuhinju","","","",""
"9587102941483","sve-za-kuhinju","","","",""
"10409422192939","lepota-i-zdravlje","tier-premium","","",""
"10409422225707","lepota-i-zdravlje","","","",""
"10570863411499","lepota-i-zdravlje","","","",""
"10590392615211","tier-premium","","","",""
"10588635103531","tier-premium","","","",""
"10572791742763","tier-premium","","","",""
"10565506203947","tier-premium","","","",""
"10566878232875","","","","",""
"10409421111595","","","","",""
"10568694694187","tier-premium","","","",""
"10588152594731","","","","",""
"10409422586155","tier-premium","","","",""
"10589699244331","tier-premium","","","",""
"10566688211243","tier-premium","","","",""
"10588057600299","tier-premium","","","",""
"9023427969323","tier-premium","","","",""
"10568728871211","","","","",""
"10089735291179","sve-za-kuhinju","","","",""
"10572672893227","sve-za-kuhinju","","","",""
"10555807858987","lepota-i-zdravlje","","","",""
"10409512436011","sve-za-kuhinju","tier-premium","","",""
"10597683003691","tier-premium","","","",""
"10409512272171","tier-premium","","","",""
"10589863903531","tier-premium","","","",""
"10572899385643","baterijske-lampe","rasveta","","",""
"10572900663595","tier-premium","","","",""
"9587097108779","sve-za-kuhinju","tier-premium","","",""
"10574657323307","tier-premium","","","",""
"10572295766315","tier-premium","","","",""
"10572680331563","","","","",""
"10566929842475","rasveta","","","",""
"10572673679659","rasveta","","","",""
"10566512279851","rasveta","","","",""
"10566933381419","tier-premium","","","",""
"10568785297707","tier-premium","","","",""
"10597712625963","","","","",""
"10571975622955","sve-za-kuhinju","tier-premium","","",""
"10572004655403","tier-premium","","","",""
"10589804593451","lepota-i-zdravlje","tier-premium","","",""
"10572339118379","tier-premium","","","",""
"10572677972267","sve-za-kuhinju","","","",""
"10590760468779","rasveta","tier-premium","","",""
"10409422651691","","","","",""
"8867337273643","rasveta","tier-premium","","",""
"10568551596331","sve-za-kuhinju","","","",""
"10589869834539","tier-premium","","","",""
"10555682226475","tier-premium","","","",""
"10589874389291","tier-premium","","","",""
"9383195115819","","","","",""
"10572845383979","tier-premium","","","",""
"10590696505643","tier-premium","","","",""
"10555819852075","lepota-i-zdravlje","","","",""
"10555818377515","lepota-i-zdravlje","tier-premium","","",""
"10396875424043","4g-kamere","video-nadzor","tier-premium","",""
"10396870869291","solarne-kamere","video-nadzor","tier-premium","",""
"10590394679595","lovacke-kamere","video-nadzor","tier-premium","",""
"10589762519339","lovacke-kamere","video-nadzor","tier-premium","",""
"10396870672683","solarne-kamere","video-nadzor","tier-premium","",""
"10566601244971","tier-premium","","","",""
"10588072509739","tier-premium","","","",""
"10573907558699","tier-premium","","","",""
"10555820343595","tier-premium","","","",""
"10575243772203","tier-premium","","","",""
"10409423634731","tier-premium","","","",""
"10572845089067","lepota-i-zdravlje","tier-premium","","",""
"10573974929707","","","","",""
"10572792627499","","","","",""
"10570837590315","lepota-i-zdravlje","tier-premium","","",""
"10592846577963","tier-premium","","","",""
"10572845875499","sve-za-kuhinju","tier-premium","","",""
"10573985120555","sve-za-kuhinju","tier-premium","","",""
"10566931382571","","","","",""
"10575265562923","tier-premium","","","",""
"10592846643499","tier-premium","","","",""
"10553366708523","tier-premium","","","",""
"10555744649515","rasveta","","","",""
"10555657814315","rasveta","","","",""
"10555745108267","rasveta","","","",""
"10572681511211","tier-premium","","","",""
"10566933676331","tier-premium","","","",""
"10590292738347","tier-premium","","","",""
"10410556391723","tier-premium","","","",""
"10589687873835","tier-premium","","","",""
"10555815231787","tier-premium","","","",""
"10555784659243","tier-premium","","","",""
"10573931544875","tier-premium","","","",""
"10555815035179","tier-premium","","","",""
"10555814871339","tier-premium","","","",""
"10572681412907","lepota-i-zdravlje","tier-premium","","",""
"10590057922859","","","","",""
"10588283502891","tier-premium","","","",""
"10590954160427","tier-premium","","","",""
"10590404411691","tier-premium","","","",""
"10590951571755","tier-premium","","","",""
"10592845857067","tier-premium","","","",""
"10592845693227","tier-premium","","","",""
"10592845889835","tier-premium","","","",""
"10589816717611","tier-premium","","","",""
"10572901155115","","","","",""
"10566935216427","tier-premium","","","",""
"10555033518379","tier-premium","","","",""
"10588097085739","tier-premium","","","",""
"10588164849963","tier-premium","","","",""
"10568708522283","tier-premium","","","",""
"10566464995627","tier-premium","","","",""
"10554391462187","tier-premium","","","",""
"10555749007659","lepota-i-zdravlje","tier-premium","","",""
"10592683721003","tier-premium","","","",""
"10587644461355","tier-premium","","","",""
"10409423831339","","","","",""
"10572664832299","tier-premium","","","",""
"10573065584939","tier-premium","","","",""
"10555658273067","tier-premium","","","",""
"10572396200235","tier-premium","","","",""
"10573888028971","tier-premium","","","",""
"10572649693483","tier-premium","","","",""
"10597700272427","tier-premium","","","",""
"10597699223851","tier-premium","","","",""
"10568811086123","tier-premium","","","",""
"10588759425323","tier-premium","","","",""
"9025006928171","tier-premium","","","",""
"10565513904427","tier-premium","","","",""
"10597653184811","tier-premium","","","",""
"10566635618603","lepota-i-zdravlje","tier-premium","","",""
"10554800734507","tier-premium","","","",""
"10588280127787","tier-premium","","","",""
"10589105357099","tier-premium","","","",""
"10589106667819","tier-premium","","","",""
"10597700305195","tier-premium","","","",""
"9024927236395","tier-premium","","","",""
"10573065617707","tier-premium","","","",""
"10570474225963","tier-premium","","","",""
"10572393611563","tier-premium","","","",""
"10572665585963","tier-premium","","","",""
"10589859316011","tier-premium","","","",""
"10572394070315","tier-premium","","","",""
"10565509710123","tier-premium","","","",""
"10566692536619","tier-premium","","","",""
"10588070412587","tier-premium","","","",""
"10571997413675","tier-premium","","","",""
"10588164653355","tier-premium","","","",""
"10566783992107","tier-premium","","","",""
"10571990827307","tier-premium","","","",""
"10555777188139","tier-premium","","","",""
"10568795160875","lepota-i-zdravlje","tier-premium","","",""
"10555770994987","tier-premium","","","",""
"10570465181995","tier-premium","","","",""
"10566700564779","tier-premium","","","",""
"10572336988459","tier-premium","","","",""
"10570790699307","tier-premium","","","",""
"10570462200107","tier-premium","","","",""
"10588840788267","tier-premium","","","",""
"10566585024811","tier-premium","","","",""
"10555769520427","tier-premium","","","",""
"10566935052587","tier-premium","","","",""
"10565502468395","tier-premium","","","",""
"10588344385835","tier-premium","","","",""
"10568802435371","tier-premium","","","",""
"10566937575723","tier-premium","","","",""
"9368746885419","tier-premium","","","",""
"10409423896875","tier-premium","","","",""
"10409423995179","tier-premium","","","",""
"10597645287723","lepota-i-zdravlje","tier-premium","","",""
"10566940655915","lepota-i-zdravlje","tier-premium","","",""
"10590362796331","","","","",""
"10567180779819","","","","",""
"10589118595371","tier-premium","","","",""
"10589149593899","tier-premium","","","",""
"10588431581483","tier-premium","","","",""
"10573806567723","tier-premium","","","",""
"10566938034475","","","","",""
"10555805925675","lepota-i-zdravlje","","","",""
"10566941049131","","","","",""
"10590183588139","tier-premium","","","",""
"10566952976683","tier-premium","","","",""
"10566953533739","tier-premium","","","",""
"10572901417259","","","","",""
"10566959333675","tier-premium","","","",""
"10566962512171","tier-premium","","","",""
"10566967460139","tier-premium","","","",""
"10597580538155","tier-premium","","","",""
"10597594005803","lepota-i-zdravlje","tier-premium","","",""
"10597587452203","tier-premium","","","",""
"10597590892843","tier-premium","","","",""
"10597590270251","tier-premium","","","",""
"9022802755883","","","","",""
"10588181004587","","","","",""
"10566964674859","tier-premium","","","",""
"10572900270379","tier-premium","","","",""
"10566969065771","tier-premium","","","",""
"10572901253419","","","","",""
"10590655447339","tier-premium","","","",""
"10566967329067","tier-premium","","","",""
"10589471179051","tier-premium","","","",""
"10597588893995","tier-premium","","","",""
"10566947995947","tier-premium","","","",""
"10566971097387","tier-premium","","","",""
"10567241531691","","","","",""
"10572900565291","tier-premium","","","",""
"10588180447531","","","","",""
"10566975029547","tier-premium","","","",""
"10574064222507","tier-premium","","","",""
"10590140203307","","","","",""
"10572394627371","","","","",""
"10590666457387","tier-premium","","","",""
"10573053329707","","","","",""
"10590166974763","tier-premium","","","",""
"10590222745899","tier-premium","","","",""
"10590154653995","tier-premium","","","",""
"10566668747051","rasveta","tier-premium","","",""
"10555727413547","tier-premium","","","",""
"10555727544619","","","","",""
"10555726922027","tier-premium","","","",""
"10597780914475","","","","",""
"10572655853867","lepota-i-zdravlje","","","",""
"10590615699755","tier-premium","","","",""
"10590615339307","","","","",""
"10588110848299","sve-za-kuhinju","","","",""
"10574667645227","","","","",""
"10597761483051","sve-za-kuhinju","","","",""
"10574695825707","","","","",""
"10572900499755","","","","",""
"10572795838763","sve-za-kuhinju","","","",""
"10555716436267","tier-premium","","","",""
"10592606486827","tier-premium","","","",""
"10588356772139","tier-premium","","","",""
"9037375734059","led-trake","rasveta","tier-premium","",""
"10554391429419","tier-premium","","","",""
"10588284059947","tier-premium","","","",""
"10572797346091","tier-premium","","","",""
"10589147922731","tier-premium","","","",""
"10572797804843","tier-premium","","","",""
"10573953040683","tier-premium","","","",""
"10572796592427","tier-premium","","","",""
"10589142352171","tier-premium","","","",""
"10589758456107","tier-premium","","","",""
"10592682443051","tier-premium","","","",""
"10573956546859","tier-premium","","","",""
"10589081862443","tier-premium","","","",""
"10589038281003","tier-premium","","","",""
"10589156409643","tier-premium","","","",""
"10589039395115","tier-premium","","","",""
"10589040935211","tier-premium","","","",""
"10589151461675","tier-premium","","","",""
"10589043065131","tier-premium","","","",""
"10589072294187","tier-premium","","","",""
"10588410511659","tier-premium","","","",""
"10566681559339","tier-premium","","","",""
"10410554655019","tier-premium","","","",""
"10555634680107","lepota-i-zdravlje","tier-premium","","",""
"10588071231787","tier-premium","","","",""
"10574259781931","tier-premium","","","",""
"10555641626923","tier-premium","","","",""
"10592852377899","tier-premium","","","",""
"10555090698539","","","","",""
"10588129558827","","","","",""
"10566853919019","","","","",""
"10553124847915","tier-premium","","","",""
"10589043425579","tier-premium","","","",""
"10396876964139","solarne-kamere","video-nadzor","tier-premium","",""
"10589923410219","lepota-i-zdravlje","tier-premium","","",""
"10553130025259","lepota-i-zdravlje","tier-premium","","",""
"10553353863467","lepota-i-zdravlje","tier-premium","","",""
"10553353306411","lepota-i-zdravlje","tier-premium","","",""
"10553351799083","lepota-i-zdravlje","","","",""
"10553351930155","lepota-i-zdravlje","tier-premium","","",""
"10553351831851","lepota-i-zdravlje","tier-premium","","",""
"10555103281451","lepota-i-zdravlje","tier-premium","","",""
"10553353437483","lepota-i-zdravlje","tier-premium","","",""
"10555097809195","lepota-i-zdravlje","tier-premium","","",""
"10574941913387","lepota-i-zdravlje","tier-premium","","",""
"10568688140587","lepota-i-zdravlje","","","",""
"10573251248427","sve-za-kuhinju","tier-premium","","",""
"10565577507115","sve-za-kuhinju","tier-premium","","",""
"10565570003243","sve-za-kuhinju","tier-premium","","",""
"10565576917291","sve-za-kuhinju","tier-premium","","",""
"10565582782763","sve-za-kuhinju","tier-premium","","",""
"10588071395627","lepota-i-zdravlje","tier-premium","","",""
"10589168337195","sve-za-kuhinju","tier-premium","","",""
"10589165486379","sve-za-kuhinju","tier-premium","","",""
"10589167092011","sve-za-kuhinju","tier-premium","","",""
"10565578195243","sve-za-kuhinju","tier-premium","","",""
"10589977968939","sve-za-kuhinju","tier-premium","","",""
"10555644543275","sve-za-kuhinju","tier-premium","","",""
"10566885966123","sve-za-kuhinju","tier-premium","","",""
"9368668471595","sve-za-kuhinju","tier-premium","","",""
"10589180592427","sve-za-kuhinju","tier-premium","","",""
"10555643560235","sve-za-kuhinju","tier-premium","","",""
"10573995016491","sve-za-kuhinju","","","",""
"10555645100331","sve-za-kuhinju","tier-premium","","",""
"10554739982635","sve-za-kuhinju","tier-premium","","",""
"10555813265707","sve-za-kuhinju","tier-premium","","",""
"10566598918443","lepota-i-zdravlje","tier-premium","","",""
"10589691543851","sve-za-kuhinju","tier-premium","","",""
"10555754414379","sve-za-kuhinju","tier-premium","","",""
"10590270292267","sve-za-kuhinju","tier-premium","","",""
"10592592789803","sve-za-kuhinju","tier-premium","","",""
"10592591839531","sve-za-kuhinju","tier-premium","","",""
"10588074508587","lepota-i-zdravlje","","","",""
"10597650989355","sve-za-kuhinju","tier-premium","","",""
"10571141316907","sve-za-kuhinju","tier-premium","","",""
"10573066567979","sve-za-kuhinju","tier-premium","","",""
"10571133550891","sve-za-kuhinju","tier-premium","","",""
"10575335096619","sve-za-kuhinju","","","",""
"10554700661035","lepota-i-zdravlje","tier-premium","","",""
"10589698162987","lepota-i-zdravlje","tier-premium","","",""
"10568611692843","lepota-i-zdravlje","tier-premium","","",""
"10572440371499","tier-premium","","","",""
"10409425010987","tier-premium","","","",""
"10597672255787","lepota-i-zdravlje","tier-premium","","",""
"10588074279211","tier-premium","","","",""
"10590898979115","","","","",""
"10553124782379","lepota-i-zdravlje","tier-premium","","",""
"10573066371371","lepota-i-zdravlje","tier-premium","","",""
"10554797523243","sve-za-kuhinju","tier-premium","","",""
"10589182394667","sve-za-kuhinju","tier-premium","","",""
"10589697802539","sve-za-kuhinju","tier-premium","","",""
"10555645231403","sve-za-kuhinju","tier-premium","","",""
"10567079067947","","","","",""
"10588824371499","tier-premium","","","",""
"10572394987819","sve-za-kuhinju","tier-premium","","",""
"9587098288427","tier-premium","","","",""
"10555644346667","sve-za-kuhinju","tier-premium","","",""
"10573953106219","","","","",""
"10554754695467","sve-za-kuhinju","tier-premium","","",""
"10554908410155","sve-za-kuhinju","tier-premium","","",""
"9023942426923","sve-za-kuhinju","tier-premium","","",""
"10565571641643","sve-za-kuhinju","tier-premium","","",""
"10554797490475","sve-za-kuhinju","tier-premium","","",""
"10567121731883","sve-za-kuhinju","","","",""
"10555773092139","tier-premium","","","",""
"10589765402923","sve-za-kuhinju","","","",""
"10589168959787","sve-za-kuhinju","tier-premium","","",""
"10573804863787","lepota-i-zdravlje","tier-premium","","",""
"10568607957291","","","","",""
"10574382596395","","","","",""
"9025016693035","lepota-i-zdravlje","tier-premium","","",""
"10572388106539","","","","",""
"10409425109291","tier-premium","","","",""
"10575342108971","sve-za-kuhinju","tier-premium","","",""
"10575399026987","sve-za-kuhinju","tier-premium","","",""
"10574673641771","lepota-i-zdravlje","tier-premium","","",""
"10566486262059","tier-premium","","","",""
"10592700793131","tier-premium","","","",""
"10566808240427","tier-premium","","","",""
"10412359975211","lepota-i-zdravlje","tier-premium","","",""
"10572900598059","tier-premium","","","",""
"9587098583339","tier-premium","","","",""
"10555655782699","tier-premium","","","",""
"10568813936939","tier-premium","","","",""
"10567093879083","","","","",""
"10574123729195","tier-premium","","","",""
"9587104842027","tier-premium","","","",""
"10555641856299","tier-premium","","","",""
"10574405304619","tier-premium","","","",""
"10565547262251","lepota-i-zdravlje","tier-premium","","",""
"10555613118763","lepota-i-zdravlje","tier-premium","","",""
"10555613348139","lepota-i-zdravlje","tier-premium","","",""
"10589816914219","lepota-i-zdravlje","tier-premium","","",""
"9064134902059","rasveta","tier-premium","","",""
"9382359073067","rasveta","tier-premium","","",""
"10589986259243","","","","",""
"10590696767787","tier-premium","","","",""
"10590702829867","tier-premium","","","",""
"10571980636459","rasveta","tier-premium","","",""
"10566596886827","tier-premium","","","",""
"9587108741419","tier-premium","","","",""
"10573875577131","","","","",""
"10573878722859","tier-premium","","","",""
"10554404831531","","","","",""
"10572469436715","tier-premium","","","",""
"10568741814571","tier-premium","","","",""
"10590124343595","tier-premium","","","",""
"10590121984299","tier-premium","","","",""
"10568592326955","tier-premium","","","",""
"10565505483051","tier-premium","","","",""
"10565505319211","tier-premium","","","",""
"10565507711275","tier-premium","","","",""
"10565507612971","tier-premium","","","",""
"10565508071723","tier-premium","","","",""
"10588650733867","tier-premium","","","",""
"10566601867563","tier-premium","","","",""
"10410597122347","tier-premium","","","",""
"10566471876907","tier-premium","","","",""
"10572443713835","","","","",""
"10409505489195","tier-premium","","","",""
"10565506924843","tier-premium","","","",""
"10588403826987","tier-premium","","","",""
"10566472139051","tier-premium","","","",""
"10572637798699","tier-premium","","","",""
"10589985538347","tier-premium","","","",""
"10590754898219","tier-premium","","","",""
"10565505089835","tier-premium","","","",""
"10571979653419","tier-premium","","","",""
"10409506439467","tier-premium","","","",""
"10588076507435","tier-premium","","","",""
"10597646139691","tier-premium","","","",""
"10571969659179","sve-za-kuhinju","tier-premium","","",""
"10566611206443","tier-premium","","","",""
"10555677180203","tier-premium","","","",""
"10589000270123","lepota-i-zdravlje","tier-premium","","",""
"10575350104363","tier-premium","","","",""
"10568602648875","","","","",""
"10567169605931","","","","",""
"10572801737003","tier-premium","","","",""
"10572424479019","","","","",""
"10588153807147","","","","",""
"10574174945579","tier-premium","","","",""
"10572798361899","sve-za-kuhinju","tier-premium","","",""
"10054654918955","tier-premium","","","",""
"10574366867755","","","","",""
"10590251516203","lepota-i-zdravlje","","","",""
"10566838583595","sve-za-kuhinju","tier-premium","","",""
"10574940930347","sve-za-kuhinju","","","",""
"10565517443371","tier-premium","","","",""
"10566586794283","tier-premium","","","",""
"10267266548011","tier-premium","","","",""
"10572636061995","tier-premium","","","",""
"10565514789163","tier-premium","","","",""
"10588165734699","tier-premium","","","",""
"10565516034347","tier-premium","","","",""
"10565514232107","tier-premium","","","",""
"10565550506283","tier-premium","","","",""
"10570948542763","tier-premium","","","",""
"10592683950379","tier-premium","","","",""
"10555813921067","tier-premium","","","",""
"10572810715435","tier-premium","","","",""
"10592684966187","tier-premium","","","",""
"10592683196715","tier-premium","","","",""
"10409488318763","tier-premium","","","",""
"10588490989867","tier-premium","","","",""
"9368575377707","tier-premium","","","",""
"10566486065451","baby-monitori","video-nadzor","tier-premium","",""
"10396876210475","baby-monitori","video-nadzor","tier-premium","",""
"10589249536299","baby-monitori","video-nadzor","tier-premium","",""
"10396873097515","baby-monitori","video-nadzor","tier-premium","",""
"10396871491883","baby-monitori","video-nadzor","tier-premium","",""
"10555726528811","tier-premium","","","",""
"10572441846059","tier-premium","","","",""
"10575379595563","tier-premium","","","",""
"10589881368875","tier-premium","","","",""
"10589978100011","tier-premium","","","",""
"10574912356651","sve-za-kuhinju","","","",""
"10572389777707","tier-premium","","","",""
"10410596991275","tier-premium","","","",""
"10588586574123","tier-premium","","","",""
"10574066123051","tier-premium","","","",""
"10574054293803","tier-premium","","","",""
"10574033289515","tier-premium","","","",""
"10574334886187","tier-premium","","","",""
"10572388827435","","","","",""
"10567164461355","rasveta","tier-premium","","",""
"10573066404139","","","","",""
"10588374597931","tier-premium","","","",""
"10588241035563","tier-premium","","","",""
"10567176814891","","","","",""
"10575265333547","tier-premium","","","",""
"10589479403819","lepota-i-zdravlje","","","",""
"10409497297195","lepota-i-zdravlje","","","",""
"10568791982379","","","","",""
"10589186949419","tier-premium","","","",""
"10568841822507","tier-premium","","","",""
"10397711925547","baterijske-lampe","rasveta","tier-premium","",""
"10589255926059","baterijske-lampe","rasveta","tier-premium","",""
"10566911394091","","","","",""
"9380261429547","tier-premium","","","",""
"10574577893675","sve-za-kuhinju","","","",""
"10589193142571","tier-premium","","","",""
"9970535104811","lepota-i-zdravlje","tier-premium","","",""
"10590950850859","","","","",""
"10565557616939","tier-premium","","","",""
"10570850337067","tier-premium","","","",""
"10568830845227","tier-premium","","","",""
"10565557518635","tier-premium","","","",""
"10570853548331","tier-premium","","","",""
"10555821916459","baby-monitori","video-nadzor","tier-premium","",""
"10565548310827","baby-monitori","video-nadzor","tier-premium","",""
"10565550145835","baby-monitori","video-nadzor","tier-premium","",""
"10588757623083","tier-premium","","","",""
"10572471337259","tier-premium","","","",""
"10555691663659","baby-monitori","video-nadzor","tier-premium","",""
"10555775615275","tier-premium","","","",""
"10590146691371","tier-premium","","","",""
"10592922960171","tier-premium","","","",""
"10592863355179","tier-premium","","","",""
"10590755619115","tier-premium","","","",""
"10570414817579","tier-premium","","","",""
"10588383510827","","","","",""
"10597678154027","lepota-i-zdravlje","tier-premium","","",""
"10554391298347","lepota-i-zdravlje","tier-premium","","",""
"10010544111915","tier-premium","","","",""
"10589539828011","tier-premium","","","",""
"10573700432171","tier-premium","","","",""
"10588421587243","rasveta","tier-premium","","",""
"10588430303531","rasveta","tier-premium","","",""
"10574677541163","tier-premium","","","",""
"10553126355243","lepota-i-zdravlje","tier-premium","","",""
"10553344950571","lepota-i-zdravlje","tier-premium","","",""
"10553341706539","lepota-i-zdravlje","tier-premium","","",""
"10553129795883","lepota-i-zdravlje","tier-premium","","",""
"10553130549547","lepota-i-zdravlje","tier-premium","","",""
"10568651702571","","","","",""
"10554730742059","","","","",""
"10567147028779","tier-premium","","","",""
"9383223066923","","","","",""
"10553312674091","tier-premium","","","",""
"10555109638443","tier-premium","","","",""
"10566808568107","tier-premium","","","",""
"10567103054123","tier-premium","","","",""
"10554806337835","tier-premium","","","",""
"10555622850859","tier-premium","","","",""
"10409504997675","tier-premium","","","",""
"10409513517355","tier-premium","","","",""
"10590929682731","tier-premium","","","",""
"10572801048875","","","","",""
"10572691603755","lepota-i-zdravlje","tier-premium","","",""
"10409505587499","lepota-i-zdravlje","tier-premium","","",""
"10554402930987","tier-premium","","","",""
"10409513386283","tier-premium","","","",""
"10590223860011","tier-premium","","","",""
"10588503965995","tier-premium","","","",""
"10572899123499","","","","",""
"10589234823467","tier-premium","","","",""
"10589228728619","tier-premium","","","",""
"10589215588651","tier-premium","","","",""
"10589215392043","tier-premium","","","",""
"10589230072107","tier-premium","","","",""
"10589232759083","tier-premium","","","",""
"10589236986155","tier-premium","","","",""
"10589212967211","tier-premium","","","",""
"10572896665899","tier-premium","","","",""
"10565586452779","tier-premium","","","",""
"10565586190635","tier-premium","","","",""
"10565594382635","tier-premium","","","",""
"10565586387243","tier-premium","","","",""
"10405749817643","tier-premium","","","",""
"10405749915947","tier-premium","","","",""
"10589347971371","tier-premium","","","",""
"10590267965739","lepota-i-zdravlje","tier-premium","","",""
"10565529960747","lepota-i-zdravlje","tier-premium","","",""
"10572838273323","tier-premium","","","",""
"10589348987179","tier-premium","","","",""
"10589351772459","tier-premium","","","",""
"10589740106027","tier-premium","","","",""
"10410556424491","tier-premium","","","",""
"10589688103211","tier-premium","","","",""
"10570793451819","tier-premium","","","",""
"9046628008235","tier-premium","","","",""
"10588791734571","tier-premium","","","",""
"10555773157675","lepota-i-zdravlje","tier-premium","","",""
"10574631665963","kompleti-za-nadzor","video-nadzor","tier-premium","",""
"10566692176171","tier-premium","","","",""
"10555694874923","tier-premium","","","",""
"10566537117995","lepota-i-zdravlje","tier-premium","","",""
"10574639563051","tier-premium","","","",""
"10589060071723","tier-premium","","","",""
"10590229430571","tier-premium","","","",""
"10590727438635","lepota-i-zdravlje","tier-premium","","",""
"10574892532011","lepota-i-zdravlje","tier-premium","","",""
"10553129533739","lepota-i-zdravlje","tier-premium","","",""
"10590211375403","tier-premium","","","",""
"10570522919211","lepota-i-zdravlje","tier-premium","","",""
"10409513484587","tier-premium","","","",""
"10566635421995","tier-premium","","","",""
"10555643265323","tier-premium","","","",""
"10572687802667","","","","",""
"10589646160171","tier-premium","","","",""
"10590760141099","tier-premium","","","",""
"10589539959083","video-nadzor","tier-premium","","",""
"10592608715051","kompleti-za-nadzor","video-nadzor","tier-premium","",""
"10589965910315","tier-premium","","","",""
"10572394791211","tier-premium","","","",""
"10588596633899","","","","",""
"10592607437099","tier-premium","","","",""
"10589592289579","lepota-i-zdravlje","","","",""
"10592919159083","tier-premium","","","",""
"10590124835115","tier-premium","","","",""
"10574688747819","lepota-i-zdravlje","tier-premium","","",""
"10555818475819","lepota-i-zdravlje","","","",""
"10554390774059","tier-premium","","","",""
"10588131590443","","","","",""
"10570831954219","sve-za-kuhinju","tier-premium","","",""
"10570959388971","sve-za-kuhinju","tier-premium","","",""
"10572569477419","sve-za-kuhinju","","","",""
"10553363693867","tier-premium","","","",""
"10554391888171","tier-premium","","","",""
"10554395230507","","","","",""
"10554394050859","tier-premium","","","",""
"10554392183083","","","","",""
"10553124913451","","","","",""
"10567131889963","tier-premium","","","",""
"10554397753643","tier-premium","","","",""
"10573876756779","","","","",""
"10590698144043","tier-premium","","","",""
"10597698240811","","","","",""
"10553329418539","tier-premium","","","",""
"10588921889067","tier-premium","","","",""
"10590930829611","tier-premium","","","",""
"10573878329643","tier-premium","","","",""
"10572107284779","tier-premium","","","",""
"10410590535979","tier-premium","","","",""
"10555623276843","tier-premium","","","",""
"10555621900587","","","","",""
"10553129271595","tier-premium","","","",""
"10589699670315","tier-premium","","","",""
"10590053728555","","","","",""
"10589396730155","tier-premium","","","",""
"10574684619051","tier-premium","","","",""
"10555627241771","tier-premium","","","",""
"10553364644139","tier-premium","","","",""
"10553362186539","tier-premium","","","",""
"10555625275691","","","","",""
"10555626750251","","","","",""
"10589691576619","tier-premium","","","",""
"10588187984171","tier-premium","","","",""
"10572395217195","tier-premium","","","",""
"10566467715371","tier-premium","","","",""
"10572537135403","tier-premium","","","",""
"9383181844779","tier-premium","","","",""
"10574290616619","tier-premium","","","",""
"10553365856555","tier-premium","","","",""
"10553364054315","tier-premium","","","",""
"10553364578603","tier-premium","","","",""
"10553129074987","tier-premium","","","",""
"10573882917163","tier-premium","","","",""
"10553364971819","tier-premium","","","",""
"10572692193579","tier-premium","","","",""
"10566493929771","tier-premium","","","",""
"10409513615659","tier-premium","","","",""
"10574807892267","sve-za-kuhinju","","","",""
"10573823803691","4g-kamere","video-nadzor","tier-premium","",""
"10588077359403","tier-premium","","","",""
"10573886062891","lepota-i-zdravlje","tier-premium","","",""
"10590614946091","lepota-i-zdravlje","tier-premium","","",""
"10589715071275","tier-premium","","","",""
"10590823743787","","","","",""
"10568629453099","","","","",""
"10589197435179","","","","",""
"10589566992683","lepota-i-zdravlje","","","",""
"10417823973675","lepota-i-zdravlje","tier-premium","","",""
"10572423823659","tier-premium","","","",""
"10588461695275","tier-premium","","","",""
"10590308991275","tier-premium","","","",""
"10590862180651","tier-premium","","","",""
"10590864867627","","","","",""
"10573898023211","tier-premium","","","",""
"10588132737323","tier-premium","","","",""
"10568748433707","tier-premium","","","",""
"10573910901035","","","","",""
"10597615960363","","","","",""
"10588181889323","","","","",""
"10573953958187","","","","",""
"10572818350379","","","","",""
"10588343206187","tier-premium","","","",""
"10590881382699","tier-premium","","","",""
"10588135260459","","","","",""
"10588147548459","tier-premium","","","",""
"10570677813547","tier-premium","","","",""
"10573717668139","tier-premium","","","",""
"10589832282411","tier-premium","","","",""
"10553113870635","sve-za-kuhinju","tier-premium","","",""
"10553122717995","sve-za-kuhinju","tier-premium","","",""
"10555811561771","lepota-i-zdravlje","","","",""
"10555811037483","lepota-i-zdravlje","","","",""
"10555811692843","lepota-i-zdravlje","","","",""
"10555811496235","lepota-i-zdravlje","","","",""
"10555811529003","lepota-i-zdravlje","","","",""
"10555794587947","lepota-i-zdravlje","tier-premium","","",""
"10555794948395","lepota-i-zdravlje","tier-premium","","",""
"10555795210539","lepota-i-zdravlje","tier-premium","","",""
"10555795276075","lepota-i-zdravlje","tier-premium","","",""
"10555793342763","lepota-i-zdravlje","tier-premium","","",""
"10555794555179","lepota-i-zdravlje","tier-premium","","",""
"10555799798059","lepota-i-zdravlje","tier-premium","","",""
"10555800158507","lepota-i-zdravlje","tier-premium","","",""
"10555800355115","lepota-i-zdravlje","tier-premium","","",""
"10555800387883","lepota-i-zdravlje","tier-premium","","",""
"10555800256811","lepota-i-zdravlje","tier-premium","","",""
"10555795374379","lepota-i-zdravlje","tier-premium","","",""
"10555795570987","lepota-i-zdravlje","tier-premium","","",""
"10555795636523","lepota-i-zdravlje","tier-premium","","",""
"10555795898667","lepota-i-zdravlje","tier-premium","","",""
"10555796029739","lepota-i-zdravlje","tier-premium","","",""
"10555795996971","lepota-i-zdravlje","tier-premium","","",""
"10555796193579","lepota-i-zdravlje","tier-premium","","",""
"10555796324651","lepota-i-zdravlje","tier-premium","","",""
"10555796390187","lepota-i-zdravlje","tier-premium","","",""
"10555796521259","lepota-i-zdravlje","tier-premium","","",""
"10555796554027","lepota-i-zdravlje","tier-premium","","",""
"10555796586795","lepota-i-zdravlje","tier-premium","","",""
"10555796717867","lepota-i-zdravlje","tier-premium","","",""
"10555796652331","lepota-i-zdravlje","tier-premium","","",""
"10555796816171","lepota-i-zdravlje","tier-premium","","",""
"10555796848939","lepota-i-zdravlje","tier-premium","","",""
"10555796914475","lepota-i-zdravlje","tier-premium","","",""
"10555796881707","lepota-i-zdravlje","tier-premium","","",""
"10555797078315","lepota-i-zdravlje","tier-premium","","",""
"10555797209387","lepota-i-zdravlje","tier-premium","","",""
"10555797274923","lepota-i-zdravlje","tier-premium","","",""
"10555797242155","lepota-i-zdravlje","tier-premium","","",""
"10555797307691","lepota-i-zdravlje","tier-premium","","",""
"10555797537067","lepota-i-zdravlje","tier-premium","","",""
"10555797569835","lepota-i-zdravlje","tier-premium","","",""
"10555797766443","lepota-i-zdravlje","tier-premium","","",""
"10555797864747","lepota-i-zdravlje","tier-premium","","",""
"10555797995819","lepota-i-zdravlje","tier-premium","","",""
"10555798126891","lepota-i-zdravlje","tier-premium","","",""
"10555798225195","lepota-i-zdravlje","tier-premium","","",""
"10555798290731","lepota-i-zdravlje","tier-premium","","",""
"10555798552875","lepota-i-zdravlje","tier-premium","","",""
"10555798716715","lepota-i-zdravlje","tier-premium","","",""
"10555798618411","lepota-i-zdravlje","tier-premium","","",""
"10555799208235","lepota-i-zdravlje","tier-premium","","",""
"10555800060203","lepota-i-zdravlje","tier-premium","","",""
"10555799699755","lepota-i-zdravlje","tier-premium","","",""
"10555799896363","lepota-i-zdravlje","tier-premium","","",""
"10555799634219","lepota-i-zdravlje","tier-premium","","",""
"10555799765291","lepota-i-zdravlje","tier-premium","","",""
"10555631599915","lepota-i-zdravlje","tier-premium","","",""
"10588978446635","rasveta","tier-premium","","",""
"10592949338411","lepota-i-zdravlje","","","",""
"10590391796011","tier-premium","","","",""
"10589906764075","kompleti-za-nadzor","video-nadzor","tier-premium","",""
"10566654951723","","","","",""
"10555747107115","tier-premium","","","",""
"10588079292715","lepota-i-zdravlje","tier-premium","","",""
"10588135424299","","","","",""
"9022800036139","","","","",""
"10572658311467","","","","",""
"10572659720491","sve-za-kuhinju","","","",""
"10573066797355","tier-premium","","","",""
"10572471238955","","","","",""
"9587095241003","","","","",""
"10574030438699","tier-premium","","","",""
"10574180942123","tier-premium","","","",""
"10573887766827","tier-premium","","","",""
"9587098878251","tier-premium","","","",""
"10555774665003","tier-premium","","","",""
"10555774599467","tier-premium","","","",""
"10589438345515","tier-premium","","","",""
"10589438509355","tier-premium","","","",""
"10572745277739","tier-premium","","","",""
"10555775418667","tier-premium","","","",""
"10589441458475","tier-premium","","","",""
"10567244906795","","","","",""
"10572823888171","lepota-i-zdravlje","tier-premium","","",""
"10566607536427","lepota-i-zdravlje","","","",""
"10553347604779","lepota-i-zdravlje","","","",""
"10589427368235","lepota-i-zdravlje","","","",""
"10572396036395","tier-premium","","","",""
"10555802943787","lepota-i-zdravlje","","","",""
"10567248412971","lepota-i-zdravlje","","","",""
"10571956420907","","","","",""
"10566654755115","tier-premium","","","",""
"10555803533611","lepota-i-zdravlje","","","",""
"10555801469227","lepota-i-zdravlje","","","",""
"10555803926827","lepota-i-zdravlje","","","",""
"10588958327083","rasveta","tier-premium","","",""
"10553362153771","tier-premium","","","",""
"10590142464299","sve-za-kuhinju","tier-premium","","",""
"10554391626027","tier-premium","","","",""
"10566993641771","lepota-i-zdravlje","tier-premium","","",""
"10553123537195","lepota-i-zdravlje","","","",""
"10409508765995","tier-premium","","","",""
"10571985879339","tier-premium","","","",""
"10597642862891","tier-premium","","","",""
"10565567349035","tier-premium","","","",""
"10565566103851","tier-premium","","","",""
"10565567643947","tier-premium","","","",""
"10588392489259","","","","",""
"10572817727787","tier-premium","","","",""
"10588165177643","","","","",""
"10588136767787","tier-premium","","","",""
"10555704049963","tier-premium","","","",""
"10572902760747","tier-premium","","","",""
"10590295261483","tier-premium","","","",""
"10590296113451","tier-premium","","","",""
"10590023844139","tier-premium","","","",""
"10572395938091","sve-za-kuhinju","tier-premium","","",""
"10565568823595","sve-za-kuhinju","tier-premium","","",""
"10589193863467","sve-za-kuhinju","tier-premium","","",""
"10588285239595","tier-premium","","","",""
"10590308761899","tier-premium","","","",""
"10590393368875","tier-premium","","","",""
"10589435691307","lepota-i-zdravlje","tier-premium","","",""
"10568746991915","lepota-i-zdravlje","tier-premium","","",""
"10588142272811","tier-premium","","","",""
"10589346070827","","","","",""
"10555780301099","sve-za-kuhinju","tier-premium","","",""
"10592850510123","sve-za-kuhinju","tier-premium","","",""
"10592856473899","sve-za-kuhinju","tier-premium","","",""
"10555779875115","sve-za-kuhinju","tier-premium","","",""
"10592545702187","lepota-i-zdravlje","tier-premium","","",""
"10574154465579","","","","",""
"10588970254635","tier-premium","","","",""
"10565527830827","tier-premium","","","",""
"10565528289579","tier-premium","","","",""
"10588154298667","tier-premium","","","",""
"10588524282155","sve-za-kuhinju","","","",""
"9049998065963","lepota-i-zdravlje","tier-premium","","",""
"10589035036971","tier-premium","","","",""
"10589920788779","tier-premium","","","",""
"10574693138731","tier-premium","","","",""
"10589625745707","tier-premium","","","",""
"10568747122987","","","","",""
"10589400727851","tier-premium","","","",""
"10566887538987","baby-monitori","video-nadzor","tier-premium","",""
"10010528547115","","","","",""
"10553317228843","tier-premium","","","",""
"10553314509099","tier-premium","","","",""
"8893799203115","","","","",""
"10555621867819","","","","",""
"10589561258283","","","","",""
"10572857540907","tier-premium","","","",""
"10410600038699","tier-premium","","","",""
"10410600235307","tier-premium","","","",""
"10410600497451","tier-premium","","","",""
"10589887234347","tier-premium","","","",""
"10410600661291","tier-premium","","","",""
"10589904077099","tier-premium","","","",""
"10410600825131","tier-premium","","","",""
"10590899044651","tier-premium","","","",""
"10555776598315","tier-premium","","","",""
"10555776401707","tier-premium","","","",""
"10555776500011","tier-premium","","","",""
"10572874547499","tier-premium","","","",""
"10590901600555","tier-premium","","","",""
"10572889817387","tier-premium","","","",""
"10555778957611","tier-premium","","","",""
"10555776860459","tier-premium","","","",""
"10572888146219","tier-premium","","","",""
"10592727859499","tier-premium","","","",""
"10590760829227","tier-premium","","","",""
"10565524685099","tier-premium","","","",""
"10565522456875","tier-premium","","","",""
"10565524226347","tier-premium","","","",""
"10590760501547","tier-premium","","","",""
"10592915226923","tier-premium","","","",""
"10572899352875","tier-premium","","","",""
"10572887818539","tier-premium","","","",""
"10590773281067","tier-premium","","","",""
"10588373549355","tier-premium","","","",""
"10592694141227","tier-premium","","","",""
"10592695746859","tier-premium","","","",""
"10592912900395","tier-premium","","","",""
"10588788621611","tier-premium","","","",""
"10588139684139","","","","",""
"10589601038635","tier-premium","","","",""
"10555681243435","tier-premium","","","",""
"10555628880171","tier-premium","","","",""
"10555681407275","tier-premium","","","",""
"10555681210667","tier-premium","","","",""
"9587092816171","tier-premium","","","",""
"10555778990379","tier-premium","","","",""
"10555778892075","tier-premium","","","",""
"10590731043115","tier-premium","","","",""
"10590731960619","tier-premium","","","",""
"10555777450283","tier-premium","","","",""
"10410607214891","tier-premium","","","",""
"10555813396779","tier-premium","","","",""
"10592874987819","tier-premium","","","",""
"10589718020395","tier-premium","","","",""
"10592672219435","tier-premium","","","",""
"10592729137451","tier-premium","","","",""
"10410556555563","tier-premium","","","",""
"10592849559851","tier-premium","","","",""
"10573958512939","tier-premium","","","",""
"10572826706219","tier-premium","","","",""
"10592699056427","tier-premium","","","",""
"10590765941035","rasveta","","","",""
"10590893343019","tier-premium","","","",""
"10588078342443","tier-premium","","","",""
"10555086602539","rasveta","","","",""
"10588081586475","tier-premium","","","",""
"10555633828139","tier-premium","","","",""
"10589850173739","tier-premium","","","",""
"10589851058475","tier-premium","","","",""
"10590410047787","tier-premium","","","",""
"10572387647787","tier-premium","","","",""
"10572848791851","tier-premium","","","",""
"10573974536491","tier-premium","","","",""
"10590412276011","tier-premium","","","",""
"10573078724907","tier-premium","","","",""
"10588409135403","tier-premium","","","",""
"10409513713963","tier-premium","","","",""
"10409516761387","tier-premium","","","",""
"10409517318443","tier-premium","","","",""
"10589906927915","tier-premium","","","",""
"10588334129451","video-nadzor","tier-premium","","",""
"10589631086891","sve-za-kuhinju","tier-premium","","",""
"10573308756267","tier-premium","","","",""
"10592729989419","tier-premium","","","",""
"10554693091627","sve-za-kuhinju","","","",""
"10567071695147","sve-za-kuhinju","tier-premium","","",""
"10589209723179","tier-premium","","","",""
"10588968845611","tier-premium","","","",""
"10572902727979","","","","",""
"10589694198059","tier-premium","","","",""
"10572444696875","tier-premium","","","",""
"10572395970859","","","","",""
"10555791540523","","","","",""
"10574161445163","","","","",""
"10573266583851","tier-premium","","","",""
"10566582436139","","","","",""
"10573271728427","tier-premium","","","",""
"10573277167915","tier-premium","","","",""
"10589340893483","tier-premium","","","",""
"10553123504427","sve-za-kuhinju","","","",""
"10567265845547","tier-premium","","","",""
"10555747991851","tier-premium","","","",""
"10592564511019","tier-premium","","","",""
"10573499007275","tier-premium","","","",""
"10568688402731","","","","",""
"10589196878123","tier-premium","","","",""
"10592681754923","tier-premium","","","",""
"10592682082603","tier-premium","","","",""
"10572434112811","lepota-i-zdravlje","tier-premium","","",""
"10555658207531","lepota-i-zdravlje","tier-premium","","",""
"10553125896491","tier-premium","","","",""
"10592849297707","tier-premium","","","",""
"10588602073387","tier-premium","","","",""
"10590142529835","tier-premium","","","",""
"10565588255019","tier-premium","","","",""
"10572899287339","tier-premium","","","",""
"10570900898091","tier-premium","","","",""
"10588201386283","tier-premium","","","",""
"10409518170411","tier-premium","","","",""
"10589691281707","tier-premium","","","",""
"10590038393131","tier-premium","","","",""
"10574502494507","tier-premium","","","",""
"10554691289387","","","","",""
"10573062177067","","","","",""
"10573060669739","","","","",""
"10572393513259","tier-premium","","","",""
"10572816679211","tier-premium","","","",""
"10589514432811","tier-premium","","","",""
"10573953138987","tier-premium","","","",""
"10589989306667","tier-premium","","","",""
"9049999769899","tier-premium","","","",""
"10566612812075","tier-premium","","","",""
"10572902891819","tier-premium","","","",""
"10573690011947","","","","",""
"10572902826283","tier-premium","","","",""
"10555727642923","tier-premium","","","",""
"10555768733995","tier-premium","","","",""
"10565595529515","tier-premium","","","",""
"10554664845611","","","","",""
"10555655881003","lepota-i-zdravlje","tier-premium","","",""
"10592607469867","tier-premium","","","",""
"10588738453803","rasveta","tier-premium","","",""
"10589859119403","tier-premium","","","",""
"10555115045163","lepota-i-zdravlje","tier-premium","","",""
"10555744944427","rasveta","tier-premium","","",""
"9587089572139","rasveta","","","",""
"10566884229419","","","","",""
"10409518268715","tier-premium","","","",""
"10572699468075","sve-za-kuhinju","tier-premium","","",""
"10588080308523","tier-premium","","","",""
"10588532277547","rasveta","tier-premium","","",""
"9598064558379","tier-premium","","","",""
"10568776155435","tier-premium","","","",""
"10590702960939","","","","",""
"10555626881323","tier-premium","","","",""
"10589136486699","sve-za-kuhinju","","","",""
"10589216866603","sve-za-kuhinju","","","",""
"10553361301803","tier-premium","","","",""
"10570551722283","tier-premium","","","",""
"10566538428715","tier-premium","","","",""
"10571076993323","tier-premium","","","",""
"10573974372651","tier-premium","","","",""
"10589967810859","tier-premium","","","",""
"10589923541291","tier-premium","","","",""
"10589970137387","tier-premium","","","",""
"10553365823787","tier-premium","","","",""
"10553366348075","tier-premium","","","",""
"9368701468971","tier-premium","","","",""
"10410556457259","tier-premium","","","",""
"10589606412587","tier-premium","","","",""
"10589967581483","tier-premium","","","",""
"10588860612907","tier-premium","","","",""
"10572852199723","","","","",""
"10592903495979","tier-premium","","","",""
"10597693292843","","","","",""
"10572472353067","tier-premium","","","",""
"10592901038379","tier-premium","","","",""
"10553361006891","tier-premium","","","",""
"10592915980587","tier-premium","","","",""
"10592670843179","tier-premium","","","",""
"10592847364395","tier-premium","","","",""
"10567154139435","","","","",""
"10554408436011","","","","",""
"10566920995115","sve-za-kuhinju","tier-premium","","",""
"10554406043947","","","","",""
"10553123930411","","","","",""
"10554407190827","","","","",""
"10554406437163","","","","",""
"9368663720235","sve-za-kuhinju","","","",""
"10410555736363","sve-za-kuhinju","tier-premium","","",""
"10589178724651","sve-za-kuhinju","tier-premium","","",""
"10589183672619","sve-za-kuhinju","tier-premium","","",""
"10409509585195","video-nadzor","tier-premium","","",""
"10555679146283","","","","",""
"10597656101163","tier-premium","","","",""
"10590321082667","tier-premium","","","",""
"10589103620395","tier-premium","","","",""
"10588936143147","tier-premium","","","",""
"10555690484011","tier-premium","","","",""
"10566656426283","tier-premium","","","",""
"10573792706859","lepota-i-zdravlje","tier-premium","","",""
"10555808842027","lepota-i-zdravlje","tier-premium","","",""
"10565557453099","tier-premium","","","",""
"10568772682027","tier-premium","","","",""
"10589635248427","sve-za-kuhinju","tier-premium","","",""
"10410552754475","tier-premium","","","",""
"10572435456299","","","","",""
"10555680031019","tier-premium","","","",""
"10555679015211","tier-premium","","","",""
"10573261144363","tier-premium","","","",""
"10588905963819","tier-premium","","","",""
"10572444893483","","","","",""
"10588185788715","","","","",""
"10409513746731","tier-premium","","","",""
"9587088818475","tier-premium","","","",""
"10566797132075","tier-premium","","","",""
"10589616374059","tier-premium","","","",""
"10590935318827","tier-premium","","","",""
"10597699879211","tier-premium","","","",""
"10568639152427","tier-premium","","","",""
"10592881934635","tier-premium","","","",""
"10589213491499","tier-premium","","","",""
"10592936329515","tier-premium","","","",""
"9587085115691","","","","",""
"10597602492715","rasveta","tier-premium","","",""
"10555745370411","rasveta","tier-premium","","",""
"10555805827371","lepota-i-zdravlje","","","",""
"10555726889259","tier-premium","","","",""
"10574347010347","","","","",""
"10572779290923","","","","",""
"10588911337771","tier-premium","","","",""
"10555115176235","lepota-i-zdravlje","tier-premium","","",""
"10572785090859","sve-za-kuhinju","","","",""
"10570664444203","tier-premium","","","",""
"10592931152171","","","","",""
"10590904615211","","","","",""
"10566677791019","tier-premium","","","",""
"10572897222955","tier-premium","","","",""
"10572892504363","tier-premium","","","",""
"10565596479787","tier-premium","","","",""
"10589964763435","tier-premium","","","",""
"10588082176299","lepota-i-zdravlje","tier-premium","","",""
"10588227666219","tier-premium","","","",""
"10573049397547","tier-premium","","","",""
"10589427237163","sve-za-kuhinju","tier-premium","","",""
"10589646061867","tier-premium","","","",""
"10566547636523","tier-premium","","","",""
"10592939540779","","","","",""
"10589590683947","tier-premium","","","",""
"10565547884843","lepota-i-zdravlje","","","",""
"10565540479275","lepota-i-zdravlje","","","",""
"10565547950379","lepota-i-zdravlje","","","",""
"9586989465899","","","","",""
"10570525638955","","","","",""
"10573102088491","sve-za-kuhinju","tier-premium","","",""
"10592558809387","tier-premium","","","",""
"10590679793963","lepota-i-zdravlje","tier-premium","","",""
"10572550734123","lepota-i-zdravlje","","","",""
"10553361531179","lepota-i-zdravlje","","","",""
"10590247977259","lepota-i-zdravlje","","","",""
"10588585492779","lepota-i-zdravlje","","","",""
"10565536252203","lepota-i-zdravlje","","","",""
"10565536022827","lepota-i-zdravlje","","","",""
"10589066330411","lepota-i-zdravlje","tier-premium","","",""
"10409425142059","tier-premium","","","",""
"10554403094827","sve-za-kuhinju","tier-premium","","",""
"10554740736299","tier-premium","","","",""
"10572851413291","","","","",""
"10409513943339","tier-premium","","","",""
"10554738868523","lepota-i-zdravlje","tier-premium","","",""
"10573976928555","lepota-i-zdravlje","","","",""
"10574337704235","tier-premium","","","",""
"10574350352683","tier-premium","","","",""
"10574013071659","tier-premium","","","",""
"10565550244139","tier-premium","","","",""
"10590025154859","sve-za-kuhinju","","","",""
"10572708020523","","","","",""
"10590281466155","tier-premium","","","",""
"10568817443115","tier-premium","","","",""
"10555774632235","sve-za-kuhinju","tier-premium","","",""
"10565570265387","sve-za-kuhinju","tier-premium","","",""
"10574110425387","tier-premium","","","",""
"10573725892907","tier-premium","","","",""
"10590330913067","tier-premium","","","",""
"10555753562411","tier-premium","","","",""
"10570892476715","tier-premium","","","",""
"10555760804139","sve-za-kuhinju","tier-premium","","",""
"10589836345643","tier-premium","","","",""
"10588126576939","tier-premium","","","",""
"10555778400555","tier-premium","","","",""
"10573063160107","tier-premium","","","",""
"10573064929579","tier-premium","","","",""
"10588082307371","tier-premium","","","",""
"10565554438443","tier-premium","","","",""
"10565554176299","tier-premium","","","",""
"10565550276907","tier-premium","","","",""
"10565553881387","tier-premium","","","",""
"10566477971755","","","","",""
"10590032593195","tier-premium","","","",""
"10572859081003","tier-premium","","","",""
"10588385247531","tier-premium","","","",""
"10553340133675","sve-za-kuhinju","tier-premium","","",""
"10555767226667","tier-premium","","","",""
"10555629404459","sve-za-kuhinju","tier-premium","","",""
"10555657519403","tier-premium","","","",""
"10573980270891","tier-premium","","","",""
"10588142666027","tier-premium","","","",""
"10574014775595","lepota-i-zdravlje","tier-premium","","",""
"10555747238187","lepota-i-zdravlje","tier-premium","","",""
"10555623080235","lepota-i-zdravlje","tier-premium","","",""
"10555620327723","lepota-i-zdravlje","tier-premium","","",""
"10555647164715","lepota-i-zdravlje","tier-premium","","",""
"10553124061483","lepota-i-zdravlje","","","",""
"10589866819883","lepota-i-zdravlje","","","",""
"10553122521387","lepota-i-zdravlje","","","",""
"10553123766571","lepota-i-zdravlje","","","",""
"10574007271723","lepota-i-zdravlje","tier-premium","","",""
"10555631730987","lepota-i-zdravlje","tier-premium","","",""
"10555635040555","lepota-i-zdravlje","tier-premium","","",""
"10555645755691","lepota-i-zdravlje","","","",""
"10555645559083","","","","",""
"10555671871787","lepota-i-zdravlje","","","",""
"10590255710507","lepota-i-zdravlje","","","",""
"10565518983467","","","","",""
"10589706191147","sve-za-kuhinju","tier-premium","","",""
"10409424945451","sve-za-kuhinju","tier-premium","","",""
"10554731987243","sve-za-kuhinju","tier-premium","","",""
"10572777029931","tier-premium","","","",""
"10589567910187","tier-premium","","","",""
"10590796874027","lepota-i-zdravlje","tier-premium","","",""
"10590708498731","lepota-i-zdravlje","tier-premium","","",""
"10590713413931","lepota-i-zdravlje","tier-premium","","",""
"9941291073835","lepota-i-zdravlje","tier-premium","","",""
"10553124749611","lepota-i-zdravlje","","","",""
"10554730676523","lepota-i-zdravlje","","","",""
"10597736841515","lepota-i-zdravlje","tier-premium","","",""
"10566992888107","lepota-i-zdravlje","tier-premium","","",""
"10597708759339","lepota-i-zdravlje","","","",""
"10572704973099","tier-premium","","","",""
"10589803479339","","","","",""
"10588233204011","tier-premium","","","",""
"10409519251755","sve-za-kuhinju","tier-premium","","",""
"10590770561323","tier-premium","","","",""
"10590769414443","tier-premium","","","",""
"10572342165803","","","","",""
"10574401700139","lepota-i-zdravlje","tier-premium","","",""
"10572441813291","lepota-i-zdravlje","tier-premium","","",""
"10573953073451","lepota-i-zdravlje","tier-premium","","",""
"10568558805291","lepota-i-zdravlje","","","",""
"10572475760939","lepota-i-zdravlje","tier-premium","","",""
"10588144009515","tier-premium","","","",""
"10554797424939","lepota-i-zdravlje","tier-premium","","",""
"10590211047723","tier-premium","","","",""
"10554800374059","sve-za-kuhinju","","","",""
"10590885511467","sve-za-kuhinju","tier-premium","","",""
"10588969795883","sve-za-kuhinju","","","",""
"10574435254571","sve-za-kuhinju","tier-premium","","",""
"10568822685995","sve-za-kuhinju","tier-premium","","",""
"10572859605291","sve-za-kuhinju","tier-premium","","",""
"10597705711915","tier-premium","","","",""
"10409519186219","tier-premium","","","",""
"10590922113323","tier-premium","","","",""
"10592846512427","sve-za-kuhinju","tier-premium","","",""
"10572818743595","","","","",""
"10592608485675","tier-premium","","","",""
"10589447520555","sve-za-kuhinju","tier-premium","","",""
"10555644379435","sve-za-kuhinju","tier-premium","","",""
"10568806957355","sve-za-kuhinju","tier-premium","","",""
"10554804797739","sve-za-kuhinju","tier-premium","","",""
"10571986534699","sve-za-kuhinju","tier-premium","","",""
"10554803650859","sve-za-kuhinju","tier-premium","","",""
"10574933197099","lepota-i-zdravlje","","","",""
"10566613369131","sve-za-kuhinju","tier-premium","","",""
"10555644018987","sve-za-kuhinju","tier-premium","","",""
"10573718978859","tier-premium","","","",""
"10555643527467","tier-premium","","","",""
"10554731364651","sve-za-kuhinju","tier-premium","","",""
"10555650834731","sve-za-kuhinju","tier-premium","","",""
"10409519120683","sve-za-kuhinju","tier-premium","","",""
"10570828284203","sve-za-kuhinju","tier-premium","","",""
"10566809452843","lepota-i-zdravlje","","","",""
"10574263746859","lepota-i-zdravlje","","","",""
"10574935359787","lepota-i-zdravlje","","","",""
"10597765185835","lepota-i-zdravlje","","","",""
"10568654520619","","","","",""
"10565525045547","tier-premium","","","",""
"10572373295403","tier-premium","","","",""
"10592670482731","tier-premium","","","",""
"10592517161259","tier-premium","","","",""
"10574936604971","sve-za-kuhinju","tier-premium","","",""
"10573974569259","tier-premium","","","",""
"10588821029163","lepota-i-zdravlje","","","",""
"10597600297259","lepota-i-zdravlje","tier-premium","","",""
"10597706400043","","","","",""
"10592698466603","tier-premium","","","",""
"10592697614635","tier-premium","","","",""
"10573230407979","tier-premium","","","",""
"10555670266155","tier-premium","","","",""
"10555668758827","tier-premium","","","",""
"10555815625003","tier-premium","","","",""
"10553360449835","","","","",""
"10565577965867","sve-za-kuhinju","tier-premium","","",""
"10588156690731","tier-premium","","","",""
"10555684618539","lepota-i-zdravlje","","","",""
"10566636405035","lepota-i-zdravlje","","","",""
"10572817301803","lepota-i-zdravlje","","","",""
"10572700844331","lepota-i-zdravlje","","","",""
"10590894260523","lepota-i-zdravlje","","","",""
"10588785508651","lepota-i-zdravlje","tier-premium","","",""
"10572859801899","lepota-i-zdravlje","","","",""
"10570825793835","tier-premium","","","",""
"10588142993707","tier-premium","","","",""
"10572865601835","lepota-i-zdravlje","","","",""
"10590701584683","tier-premium","","","",""
"10590696669483","tier-premium","","","",""
"10590333305131","tier-premium","","","",""
"10572423430443","tier-premium","","","",""
"10565554274603","tier-premium","","","",""
"10589726802219","tier-premium","","","",""
"10589721395499","tier-premium","","","",""
"10572246483243","tier-premium","","","",""
"10572706808107","","","","",""
"10572869304619","","","","",""
"10587640627499","tier-premium","","","",""
"10575212020011","tier-premium","","","",""
"10573957333291","sve-za-kuhinju","tier-premium","","",""
"10565576753451","sve-za-kuhinju","tier-premium","","",""
"10589558636843","sve-za-kuhinju","tier-premium","","",""
"10565577802027","sve-za-kuhinju","tier-premium","","",""
"10565582979371","sve-za-kuhinju","tier-premium","","",""
"10409422487851","","","","",""
"9586988810539","lepota-i-zdravlje","","","",""
"10572694683947","lepota-i-zdravlje","tier-premium","","",""
"10554735624491","lepota-i-zdravlje","tier-premium","","",""
"10574127235371","lepota-i-zdravlje","tier-premium","","",""
"10590027940139","lepota-i-zdravlje","tier-premium","","",""
"10554778419499","lepota-i-zdravlje","tier-premium","","",""
"10572673351979","lepota-i-zdravlje","tier-premium","","",""
"10409420882219","lepota-i-zdravlje","tier-premium","","",""
"10553340100907","lepota-i-zdravlje","tier-premium","","",""
"10553340297515","lepota-i-zdravlje","tier-premium","","",""
"10555623211307","lepota-i-zdravlje","tier-premium","","",""
"10553340854571","lepota-i-zdravlje","tier-premium","","",""
"10589067051307","tier-premium","","","",""
"10574281408811","tier-premium","","","",""
"10553356222763","lepota-i-zdravlje","tier-premium","","",""
"10553355698475","lepota-i-zdravlje","","","",""
"10592909459755","tier-premium","","","",""
"10396873294123","lovacke-kamere","video-nadzor","tier-premium","",""
"10396872278315","lovacke-kamere","video-nadzor","tier-premium","",""
"10396871754027","lovacke-kamere","video-nadzor","tier-premium","",""
"10597701484843","lovacke-kamere","video-nadzor","tier-premium","",""
"10396876833067","lovacke-kamere","video-nadzor","tier-premium","",""
"10396873621803","lovacke-kamere","video-nadzor","tier-premium","",""
"10396876636459","lovacke-kamere","video-nadzor","tier-premium","",""
"10396871328043","solarne-kamere","video-nadzor","tier-premium","",""
"10592522764587","tier-premium","","","",""
"10409519284523","sve-za-kuhinju","","","",""
"10572388892971","","","","",""
"10572869140779","","","","",""
"10566823936299","","","","",""
"10590775771435","sve-za-kuhinju","tier-premium","","",""
"10575392244011","lepota-i-zdravlje","","","",""
"10592864928043","lepota-i-zdravlje","tier-premium","","",""
"10410555605291","lepota-i-zdravlje","tier-premium","","",""
"10405749948715","lepota-i-zdravlje","tier-premium","","",""
"10572782698795","","","","",""
"10572902990123","tier-premium","","","",""
"9587078299947","lepota-i-zdravlje","","","",""
"10589471375659","lepota-i-zdravlje","tier-premium","","",""
"10573999636779","lepota-i-zdravlje","tier-premium","","",""
"10572869566763","lepota-i-zdravlje","","","",""
"9587090391339","","","","",""
"10574016348459","","","","",""
"10567076643115","","","","",""
"10572704186667","","","","",""
"10587590230315","","","","",""
"10572387254571","tier-premium","","","",""
"10566586237227","tier-premium","","","",""
"10592926236971","tier-premium","","","",""
"10592918995243","tier-premium","","","",""
"10589448700203","","","","",""
"10554392019243","","","","",""
"10554391789867","","","","",""
"10554393559339","tier-premium","","","",""
"10554391167275","","","","",""
"10554400309547","tier-premium","","","",""
"10554391822635","","","","",""
"10554391855403","","","","",""
"10553125634347","","","","",""
"10568547107115","","","","",""
"10553126060331","tier-premium","","","",""
"10554393428267","tier-premium","","","",""
"10572389253419","","","","",""
"10589823697195","lepota-i-zdravlje","tier-premium","","",""
"10572587467051","tier-premium","","","",""
"10597643747627","tier-premium","","","",""
"10588385083691","tier-premium","","","",""
"10568741945643","tier-premium","","","",""
"10568711831851","tier-premium","","","",""
"10555641528619","tier-premium","","","",""
"10568714715435","","","","",""
"10590944821547","tier-premium","","","",""
"9371107590443","tier-premium","","","",""
"10572872188203","tier-premium","","","",""
"10572887654699","tier-premium","","","",""
"10572876316971","tier-premium","","","",""
"10572872909099","tier-premium","","","",""
"10572876251435","tier-premium","","","",""
"10589978722603","tier-premium","","","",""
"10572872286507","tier-premium","","","",""
"10572871827755","tier-premium","","","",""
"10572873171243","tier-premium","","","",""
"10572878053675","tier-premium","","","",""
"10572880347435","tier-premium","","","",""
"10572874613035","tier-premium","","","",""
"10572871631147","tier-premium","","","",""
"10572887130411","tier-premium","","","",""
"10589756981547","tier-premium","","","",""
"10554393362731","tier-premium","","","",""
"10554496319787","tier-premium","","","",""
"10572870025515","sve-za-kuhinju","","","",""
"10590053826859","sve-za-kuhinju","tier-premium","","",""
"10589709533483","sve-za-kuhinju","tier-premium","","",""
"10555635204395","sve-za-kuhinju","tier-premium","","",""
"10555779481899","sve-za-kuhinju","tier-premium","","",""
"10568736735531","sve-za-kuhinju","tier-premium","","",""
"10589629612331","sve-za-kuhinju","tier-premium","","",""
"10553340035371","sve-za-kuhinju","tier-premium","","",""
"10555637661995","sve-za-kuhinju","tier-premium","","",""
"10572770410795","","","","",""
"10597783830827","lepota-i-zdravlje","tier-premium","","",""
"10588429549867","rasveta","tier-premium","","",""
"10572370772267","tier-premium","","","",""
"10592929677611","tier-premium","","","",""
"10573084459307","tier-premium","","","",""
"10592531120427","video-nadzor","tier-premium","","",""
"10572785451307","lepota-i-zdravlje","","","",""
"10573913227563","lepota-i-zdravlje","tier-premium","","",""
"10588190146859","tier-premium","","","",""
"10572870254891","tier-premium","","","",""
"8863967478059","rasveta","tier-premium","","",""
"10587647672619","","","","",""
"10566694797611","tier-premium","","","",""
"10588915433771","tier-premium","","","",""
"10553122849067","","","","",""
"10553130615083","tier-premium","","","",""
"10553338331435","tier-premium","","","",""
"10565558370603","tier-premium","","","",""
"10565565022507","tier-premium","","","",""
"10565565382955","tier-premium","","","",""
"10572471861547","sve-za-kuhinju","tier-premium","","",""
"10588654305579","tier-premium","","","",""
"10590942855467","tier-premium","","","",""
"10590723703083","lepota-i-zdravlje","tier-premium","","",""
"10590725013803","lepota-i-zdravlje","tier-premium","","",""
"10565527798059","tier-premium","","","",""
"10590722588971","lepota-i-zdravlje","","","",""
"10565527339307","tier-premium","","","",""
"10553124880683","tier-premium","","","",""
"10592845594923","tier-premium","","","",""
"10555111735595","lepota-i-zdravlje","tier-premium","","",""
"10555110850859","lepota-i-zdravlje","tier-premium","","",""
"10409421078827","","","","",""
"10574216724779","tier-premium","","","",""
"10590719377707","lepota-i-zdravlje","tier-premium","","",""
"10590053237035","tier-premium","","","",""
"10590850023723","tier-premium","","","",""
"10590871519531","tier-premium","","","",""
"10590883381547","tier-premium","","","",""
"10590882464043","tier-premium","","","",""
"10590303879467","tier-premium","","","",""
"10566488391979","tier-premium","","","",""
"10590739857707","tier-premium","","","",""
"10590702305579","tier-premium","","","",""
"10575420064043","tier-premium","","","",""
"10575315468587","tier-premium","","","",""
"10554754007339","","","","",""
"10572869173547","","","","",""
"10590219501867","lepota-i-zdravlje","","","",""
"10588873359659","lepota-i-zdravlje","","","",""
"10566650691883","sve-za-kuhinju","tier-premium","","",""
"10572290687275","lepota-i-zdravlje","tier-premium","","",""
"10568770191659","tier-premium","","","",""
"9587089178923","tier-premium","","","",""
"9587091210539","sve-za-kuhinju","","","",""
"10589691445547","tier-premium","","","",""
"10592699121963","tier-premium","","","",""
"10572817989931","tier-premium","","","",""
"10566502613291","tier-premium","","","",""
"10590336745771","tier-premium","","","",""
"10590320132395","tier-premium","","","",""
"10590337597739","tier-premium","","","",""
"10590345560363","tier-premium","","","",""
"10590330749227","tier-premium","","","",""
"10555824013611","lepota-i-zdravlje","","","",""
"8915158860075","","","","",""
"10565554110763","tier-premium","","","",""
"10590889476395","tier-premium","","","",""
"9587099599147","","","","",""
"10566590857515","tier-premium","","","",""
"10590246895915","tier-premium","","","",""
"10410605084971","sve-za-kuhinju","tier-premium","","",""
"10572707397931","tier-premium","","","",""
"10555651391787","lepota-i-zdravlje","tier-premium","","",""
"10574851375403","lepota-i-zdravlje","tier-premium","","",""
"10555747500331","lepota-i-zdravlje","tier-premium","","",""
"10592670908715","tier-premium","","","",""
"10572569575723","lepota-i-zdravlje","tier-premium","","",""
"10589044179243","tier-premium","","","",""
"10555650507051","","","","",""
"10555650343211","","","","",""
"10567172096299","","","","",""
"10565583929643","sve-za-kuhinju","tier-premium","","",""
"10565584978219","sve-za-kuhinju","tier-premium","","",""
"10555811070251","rasveta","tier-premium","","",""
"10597613469995","tier-premium","","","",""
"10590347329835","video-nadzor","tier-premium","","",""
"10590347231531","video-nadzor","tier-premium","","",""
"10568588165419","","","","",""
"10597730255147","video-nadzor","tier-premium","","",""
"10555791442219","tier-premium","","","",""
"10590137024811","tier-premium","","","",""
"10571986436395","rasveta","tier-premium","","",""
"10590148002091","lepota-i-zdravlje","","","",""
"10574076608811","tier-premium","","","",""
"10590208295211","tier-premium","","","",""
"10590189257003","tier-premium","","","",""
"10572822479147","lepota-i-zdravlje","tier-premium","","",""
"10570793615659","tier-premium","","","",""
"9587080331563","rasveta","tier-premium","","",""
"10590938333483","rasveta","tier-premium","","",""
"10568697282859","tier-premium","","","",""
"10588391211307","tier-premium","","","",""
"10568771895595","tier-premium","","","",""
"10590770004267","tier-premium","","","",""
"10589694066987","tier-premium","","","",""
"10590044520747","tier-premium","","","",""
"10565549752619","tier-premium","","","",""
"10573251641643","lepota-i-zdravlje","tier-premium","","",""
"10590345232683","tier-premium","","","",""
"10590352015659","tier-premium","","","",""
"10555779580203","lepota-i-zdravlje","tier-premium","","",""
"10574106460459","lovacke-kamere","video-nadzor","tier-premium","",""
"10592891830571","tier-premium","","","",""
"10589616931115","tier-premium","","","",""
"10590916051243","tier-premium","","","",""
"10568617165099","","","","",""
"10575204811051","sve-za-kuhinju","tier-premium","","",""
"10592558186795","","","","",""
"10588336128299","tier-premium","","","",""
"10592912376107","tier-premium","","","",""
"10588857663787","tier-premium","","","",""
"10588360212779","","","","",""
"10588064121131","tier-premium","","","",""
"10060726632747","lepota-i-zdravlje","tier-premium","","",""
"10592851427627","sve-za-kuhinju","","","",""
"10555661484331","tier-premium","","","",""
"10572530712875","tier-premium","","","",""
"10571043275051","tier-premium","","","",""
"10588265906475","tier-premium","","","",""
"10568765735211","tier-premium","","","",""
"10588236939563","tier-premium","","","",""
"10588234187051","tier-premium","","","",""
"10588243886379","tier-premium","","","",""
"10588235366699","tier-premium","","","",""
"10588235759915","tier-premium","","","",""
"10574324367659","tier-premium","","","",""
"10590219272491","tier-premium","","","",""
"10589908992299","video-nadzor","tier-premium","","",""
"10396875620651","video-nadzor","tier-premium","","",""
"10555700445483","lepota-i-zdravlje","tier-premium","","",""
"10590203642155","tier-premium","","","",""
"10568770879787","sve-za-kuhinju","tier-premium","","",""
"10555755495723","tier-premium","","","",""
"10574657192235","","","","",""
"10566466240811","","","","",""
"9587066077483","","","","",""
"10566631981355","tier-premium","","","",""
"10555804614955","lepota-i-zdravlje","","","",""
"10555683733803","sve-za-kuhinju","","","",""
"10572875530539","tier-premium","","","",""
"10572886114603","tier-premium","","","",""
"10592923124011","tier-premium","","","",""
"9587060408619","lepota-i-zdravlje","tier-premium","","",""
"10396871917867","kompleti-za-nadzor","video-nadzor","tier-premium","",""
"10597793333547","tier-premium","","","",""
"10589383491883","lepota-i-zdravlje","tier-premium","","",""
"10592847069483","tier-premium","","","",""
"10590293786923","tier-premium","","","",""
"10592927056171","tier-premium","","","",""
"10592931348779","tier-premium","","","",""
"10575299346731","tier-premium","","","",""
"10565557059883","tier-premium","","","",""
"10575396274475","tier-premium","","","",""
"10572777455915","tier-premium","","","",""
"10572712345899","","","","",""
"10572903743787","tier-premium","","","",""
"10566984827179","","","","",""
"10590226612523","","","","",""
"10590443602219","rasveta","tier-premium","","",""
"9037374751019","tier-premium","","","",""
"10396876308779","sijalica-kamere","video-nadzor","tier-premium","",""
"10592608420139","video-nadzor","tier-premium","","",""
"10572886933803","baby-monitori","video-nadzor","tier-premium","",""
"10589893886251","tier-premium","","","",""
"10588757328171","video-nadzor","tier-premium","","",""
"10588539650347","video-nadzor","tier-premium","","",""
"10568577679659","video-nadzor","tier-premium","","",""
"10397712482603","rasveta","tier-premium","","",""
"10397695672619","rasveta","tier-premium","","",""
"10397701767467","rasveta","tier-premium","","",""
"10570640228651","tier-premium","","","",""
"10590735335723","tier-premium","","","",""
"10590930993451","tier-premium","","","",""
"10574704116011","rasveta","","","",""
"10589521281323","","","","",""
"10573702529323","rasveta","","","",""
"10592930955563","","","","",""
"10566539477291","","","","",""
"10572000166187","tier-premium","","","",""
"10566481674539","tier-premium","","","",""
"10555626783019","tier-premium","","","",""
"10592937836843","","","","",""
"10588283896107","tier-premium","","","",""
"10588689629483","tier-premium","","","",""
"10553351504171","lepota-i-zdravlje","tier-premium","","",""
"10574699266347","tier-premium","","","",""
"10555656143147","sve-za-kuhinju","","","",""
"10574186185003","tier-premium","","","",""
"10572786696491","lepota-i-zdravlje","","","",""
"10588197519659","","","","",""
"10405749981483","lepota-i-zdravlje","","","",""
"10573910802731","lepota-i-zdravlje","","","",""
"10396886466859","sd-kartice","video-nadzor","","",""
"10566784876843","","","","",""
"10555672002859","","","","",""
"10592905167147","tier-premium","","","",""
"10589922754859","","","","",""
"10590946165035","tier-premium","","","",""
"10572903219499","tier-premium","","","",""
"10573069517099","","","","",""
"10590652563755","tier-premium","","","",""
"10574384136491","tier-premium","","","",""
"10566529089835","","","","",""
"10568793588011","tier-premium","","","",""
"10566861488427","tier-premium","","","",""
"10555649065259","lepota-i-zdravlje","tier-premium","","",""
"10588700737835","sve-za-kuhinju","tier-premium","","",""
"10565547458859","lepota-i-zdravlje","","","",""
"10597617140011","tier-premium","","","",""
"10592936722731","tier-premium","","","",""
"10590934466859","","","","",""
"10589920821547","kompleti-za-nadzor","video-nadzor","tier-premium","",""
"10572903612715","tier-premium","","","",""
"10590226678059","tier-premium","","","",""
"10574347108651","tier-premium","","","",""
"10566574375211","tier-premium","","","",""
"10590659150123","lepota-i-zdravlje","","","",""
"10590655512875","tier-premium","","","",""
"10568843231531","","","","",""
"10572325388587","tier-premium","","","",""
"10590666228011","tier-premium","","","",""
"10573065388331","tier-premium","","","",""
"10592590102827","tier-premium","","","",""
"10590944100651","tier-premium","","","",""
"10590897865003","lepota-i-zdravlje","","","",""
"10572758745387","","","","",""
"10565544247595","lepota-i-zdravlje","","","",""
"10565539037483","lepota-i-zdravlje","","","",""
"10565538709803","lepota-i-zdravlje","","","",""
"10589520724267","lepota-i-zdravlje","","","",""
"10409512403243","","","","",""
"10572903121195","tier-premium","","","",""
"10574360084779","tier-premium","","","",""
"10588246343979","","","","",""
"10592865222955","tier-premium","","","",""
"10566674972971","","","","",""
"10588874637611","tier-premium","","","",""
"10592850903339","tier-premium","","","",""
"10592718487851","tier-premium","","","",""
"10573688930603","tier-premium","","","",""
"10574788002091","","","","",""
"10589544120619","","","","",""
"10589856923947","tier-premium","","","",""
"9368734499115","tier-premium","","","",""
"10574849900843","lepota-i-zdravlje","","","",""
"10589517775147","lepota-i-zdravlje","","","",""
"10574020804907","lepota-i-zdravlje","","","",""
"10590221664555","","","","",""
"10592543965483","tier-premium","","","",""
"10588335046955","tier-premium","","","",""
"10555740946731","tier-premium","","","",""
"10572635832619","rasveta","tier-premium","","",""
"10588355592491","rasveta","tier-premium","","",""
"10566649577771","rasveta","","","",""
"9587061850411","rasveta","","","",""
"10555685699883","rasveta","","","",""
"10573981679915","lepota-i-zdravlje","tier-premium","","",""
"10555693564203","tier-premium","","","",""
"10589564829995","sve-za-kuhinju","tier-premium","","",""
"10555643232555","tier-premium","","","",""
"10597644075307","lepota-i-zdravlje","tier-premium","","",""
"10570811113771","sve-za-kuhinju","tier-premium","","",""
"10570879631659","sve-za-kuhinju","tier-premium","","",""
"10589243998507","sve-za-kuhinju","","","",""
"10588084633899","tier-premium","","","",""
"10590858871083","tier-premium","","","",""
"10589431333163","lepota-i-zdravlje","tier-premium","","",""
"10555805597995","lepota-i-zdravlje","","","",""
"10574243430699","tier-premium","","","",""
"10574247526699","tier-premium","","","",""
"9937820418347","","","","",""
"10574937194795","","","","",""
"10574136017195","tier-premium","","","",""
"10590274847019","sve-za-kuhinju","tier-premium","","",""
"10592849396011","sve-za-kuhinju","tier-premium","","",""
"10592847167787","tier-premium","","","",""
"10574394458411","tier-premium","","","",""
"10570797056299","","","","",""
"10570700357931","","","","",""
"10568546779435","","","","",""
"10567093190955","rasveta","","","",""
"10568556871979","baterijske-lampe","rasveta","","",""
"10553359728939","baterijske-lampe","rasveta","","",""
"10567155351851","baterijske-lampe","rasveta","","",""
"10572646023467","rasveta","tier-premium","","",""
"10566630375723","tier-premium","","","",""
"10588436431147","rasveta","tier-premium","","",""
"10588183527723","","","","",""
"10589377986859","tier-premium","","","",""
"10555658469675","tier-premium","","","",""
"10572903383339","tier-premium","","","",""
"10590374035755","","","","",""
"10567160332587","","","","",""
"10574793539883","tier-premium","","","",""
"10574203420971","tier-premium","","","",""
"10572471828779","tier-premium","","","",""
"10590948753707","tier-premium","","","",""
"10590948557099","tier-premium","","","",""
"10589840965931","tier-premium","","","",""
"10566607438123","tier-premium","","","",""
"10568734048555","tier-premium","","","",""
"10554800537899","rasveta","tier-premium","","",""
"8989521215787","tier-premium","","","",""
"10572713885995","","","","",""
"10588461203755","tier-premium","","","",""
"10573061685547","tier-premium","","","",""
"10574085783851","tier-premium","","","",""
"10553359761707","tier-premium","","","",""
"10589333193003","tier-premium","","","",""
"10566636699947","tier-premium","","","",""
"10592857588011","","","","",""
"10568633680171","","","","",""
"10597722030379","","","","",""
"10592860045611","tier-premium","","","",""
"10410554720555","baterijske-lampe","rasveta","tier-premium","",""
"10589369205035","rasveta","tier-premium","","",""
"10573989347627","led-trake","rasveta","tier-premium","",""
"10589681647915","tier-premium","","","",""
"10176570982699","tier-premium","","","",""
"10597718458667","tier-premium","","","",""
"10588210430251","tier-premium","","","",""
"10570562371883","rasveta","tier-premium","","",""
"10572264571179","tier-premium","","","",""
"10554650362155","","","","",""
"10572903711019","baterijske-lampe","rasveta","","",""
"10572623151403","baterijske-lampe","rasveta","","",""
"10588134605099","tier-premium","","","",""
"9368659165483","baterijske-lampe","rasveta","","",""
"10568726774059","baterijske-lampe","rasveta","","",""
"10555685437739","","","","",""
"9586987106603","rasveta","tier-premium","","",""
"10011997339947","rasveta","tier-premium","","",""
"10406917407019","rasveta","tier-premium","","",""
"10590936629547","lepota-i-zdravlje","tier-premium","","",""
"9587074728235","","","","",""
"10566667010347","led-trake","rasveta","","",""
"10397709795627","led-trake","rasveta","tier-premium","",""
"10555761459499","","","","",""
"10572290588971","tier-premium","","","",""
"10590608097579","rasveta","tier-premium","","",""
"10554409713963","","","","",""
"10572717457707","baterijske-lampe","rasveta","","",""
"9587062898987","tier-premium","","","",""
"10590770921771","tier-premium","","","",""
"10049837203755","rasveta","","","",""
"10592860143915","rasveta","tier-premium","","",""
"10574146175275","rasveta","tier-premium","","",""
"10590602920235","rasveta","tier-premium","","",""
"10588376662315","tier-premium","","","",""
"10566664323371","led-trake","rasveta","tier-premium","",""
"10589311631659","rasveta","","","",""
"10590606885163","tier-premium","","","",""
"10590606590251","tier-premium","","","",""
"10590270030123","tier-premium","","","",""
"10574785970475","rasveta","tier-premium","","",""
"10565516656939","rasveta","","","",""
"9587061162283","rasveta","","","",""
"10555680227627","rasveta","tier-premium","","",""
"10555666137387","rasveta","tier-premium","","",""
"10410551607595","rasveta","tier-premium","","",""
"10588687466795","rasveta","tier-premium","","",""
"10555823358251","rasveta","","","",""
"10555823653163","rasveta","","","",""
"10590607278379","rasveta","tier-premium","","",""
"10555811168555","rasveta","tier-premium","","",""
"10555809399083","rasveta","tier-premium","","",""
"10567079526699","rasveta","","","",""
"10572646220075","tier-premium","","","",""
"10597772689707","rasveta","","","",""
"10589995401515","rasveta","tier-premium","","",""
"10567070417195","","","","",""
"10409519317291","tier-premium","","","",""
"10597734580523","tier-premium","","","",""
"10555813789995","tier-premium","","","",""
"10592891732267","","","","",""
"10588611838251","led-trake","rasveta","tier-premium","",""
"10587640004907","tier-premium","","","",""
"10409420226859","","","","",""
"10568788607275","tier-premium","","","",""
"10565592645931","rasveta","","","",""
"10565595726123","rasveta","","","",""
"10590767677739","rasveta","tier-premium","","",""
"10572394397995","sve-za-kuhinju","tier-premium","","",""
"10589099360555","sve-za-kuhinju","tier-premium","","",""
"10568802894123","tier-premium","","","",""
"10570924589355","","","","",""
"10572769493291","","","","",""
"10567227932971","","","","",""
"10568644952363","","","","",""
"10566908215595","","","","",""
"10568776679723","","","","",""
"10590936269099","tier-premium","","","",""
"10574188904747","tier-premium","","","",""
"10588866773291","tier-premium","","","",""
"10573097074987","tier-premium","","","",""
"9368627642667","tier-premium","","","",""
"10566882263339","","","","",""
"10592885735723","tier-premium","","","",""
"9368629477675","tier-premium","","","",""
"10553125830955","lepota-i-zdravlje","tier-premium","","",""
"10574102823211","tier-premium","","","",""
"10570591011115","lepota-i-zdravlje","","","",""
"10592864043307","tier-premium","","","",""
"10592862339371","tier-premium","","","",""
"10572474351915","tier-premium","","","",""
"10573084655915","tier-premium","","","",""
"9371085242667","tier-premium","","","",""
"10588085354795","tier-premium","","","",""
"10567107117355","","","","",""
"10589182918955","tier-premium","","","",""
"10590316396843","lovacke-kamere","video-nadzor","tier-premium","",""
"10590358864171","lovacke-kamere","video-nadzor","tier-premium","",""
"10566789497131","tier-premium","","","",""
"10588756803883","rasveta","tier-premium","","",""
"10574066647339","baterijske-lampe","rasveta","tier-premium","",""
"10574149550379","tier-premium","","","",""
"10590882201899","tier-premium","","","",""
"10590834753835","tier-premium","","","",""
"10590286643499","tier-premium","","","",""
"10590872305963","tier-premium","","","",""
"10572387909931","tier-premium","","","",""
"10574663614763","","","","",""
"10587653144875","rasveta","tier-premium","","",""
"10588145025323","","","","",""
"10589246980395","rasveta","tier-premium","","",""
"10568713699627","rasveta","tier-premium","","",""
"10572290752811","tier-premium","","","",""
"10590029447467","tier-premium","","","",""
"10568842412331","tier-premium","","","",""
"10597780324651","tier-premium","","","",""
"10589988749611","tier-premium","","","",""
"10590461034795","tier-premium","","","",""
"10590308860203","tier-premium","","","",""
"10590314037547","tier-premium","","","",""
"10590872502571","tier-premium","","","",""
"10588486631723","","","","",""
"10566908444971","","","","",""
"10566549635371","tier-premium","","","",""
"8893821681963","","","","",""
"10572342427947","sve-za-kuhinju","tier-premium","","",""
"8988688056619","","","","",""
"9368704713003","tier-premium","","","",""
"10572649595179","tier-premium","","","",""
"9587064963371","","","","",""
"10572573770027","","","","",""
"10555800879403","lepota-i-zdravlje","","","",""
"10589810917675","tier-premium","","","",""
"10555685503275","rasveta","","","",""
"10588797108523","rasveta","","","",""
"10566977880363","","","","",""
"10572904104235","","","","",""
"10571183325483","tier-premium","","","",""
"10597780717867","tier-premium","","","",""
"10589768384811","tier-premium","","","",""
"10589246619947","","","","",""
"10588161540395","tier-premium","","","",""
"10592523387179","tier-premium","","","",""
"10592670220587","tier-premium","","","",""
"10588185526571","tier-premium","","","",""
"10588158329131","tier-premium","","","",""
"10571961598251","tier-premium","","","",""
"10568743551275","tier-premium","","","",""
"10588160327979","tier-premium","","","",""
"10592675496235","tier-premium","","","",""
"10588159181099","tier-premium","","","",""
"10568784085291","tier-premium","","","",""
"10568788738347","tier-premium","","","",""
"10588159246635","tier-premium","","","",""
"10555791704363","tier-premium","","","",""
"10051870851371","lepota-i-zdravlje","tier-premium","","",""
"10572822905131","lepota-i-zdravlje","tier-premium","","",""
"10554408763691","","","","",""
"10554408665387","","","","",""
"10592845725995","tier-premium","","","",""
"10597737595179","","","","",""
"10574165115179","","","","",""
"10588130148651","tier-premium","","","",""
"10555768701227","sve-za-kuhinju","tier-premium","","",""
"10574815101227","","","","",""
"10589043491115","tier-premium","","","",""
"8872322040107","tier-premium","","","",""
"10592697909547","tier-premium","","","",""
"10049852768555","","","","",""
"10570719953195","","","","",""
"10592683327787","tier-premium","","","",""
"10410551542059","","","","",""
"9587044155691","tier-premium","","","",""
"10566875316523","tier-premium","","","",""
"10572904038699","","","","",""
"10590130077995","tier-premium","","","",""
"10592544686379","tier-premium","","","",""
"10590025482539","tier-premium","","","",""
"10566957072683","tier-premium","","","",""
"10555683963179","lepota-i-zdravlje","","","",""
"10566853001515","tier-premium","","","",""
"10566466437419","lepota-i-zdravlje","tier-premium","","",""
"10597656789291","lepota-i-zdravlje","tier-premium","","",""
"10555657584939","lepota-i-zdravlje","tier-premium","","",""
"10574395408683","lepota-i-zdravlje","tier-premium","","",""
"10572851478827","lepota-i-zdravlje","","","",""
"10592860340523","lepota-i-zdravlje","tier-premium","","",""
"10597783699755","lepota-i-zdravlje","tier-premium","","",""
"10572294521131","lepota-i-zdravlje","tier-premium","","",""
"10589242229035","lepota-i-zdravlje","tier-premium","","",""
"10555670462763","lepota-i-zdravlje","tier-premium","","",""
"10574817820971","lepota-i-zdravlje","tier-premium","","",""
"10572301238571","lepota-i-zdravlje","tier-premium","","",""
"10590261346603","lepota-i-zdravlje","tier-premium","","",""
"10592569622827","lepota-i-zdravlje","tier-premium","","",""
"10555691335979","lepota-i-zdravlje","tier-premium","","",""
"10555647885611","lepota-i-zdravlje","tier-premium","","",""
"10555647852843","lepota-i-zdravlje","tier-premium","","",""
"10568746107179","lepota-i-zdravlje","tier-premium","","",""
"10588088500523","lepota-i-zdravlje","","","",""
"10572444827947","lepota-i-zdravlje","tier-premium","","",""
"10573970211115","lepota-i-zdravlje","tier-premium","","",""
"10555683995947","lepota-i-zdravlje","","","",""
"10572886540587","lepota-i-zdravlje","tier-premium","","",""
"10572823986475","lepota-i-zdravlje","tier-premium","","",""
"10555791081771","lepota-i-zdravlje","tier-premium","","",""
"10555670790443","lepota-i-zdravlje","tier-premium","","",""
"10555669512491","lepota-i-zdravlje","tier-premium","","",""
"10555680522539","lepota-i-zdravlje","tier-premium","","",""
"10555748745515","lepota-i-zdravlje","tier-premium","","",""
"10592891339051","tier-premium","","","",""
"10590317281579","rasveta","tier-premium","","",""
"10588540207403","tier-premium","","","",""
"10571099701547","tier-premium","","","",""
"10588123332907","tier-premium","","","",""
"10573081248043","sve-za-kuhinju","tier-premium","","",""
"10572475597099","sve-za-kuhinju","tier-premium","","",""
"10555659256107","tier-premium","","","",""
"10555659288875","tier-premium","","","",""
"10574073921835","sve-za-kuhinju","tier-premium","","",""
"10592930595115","lepota-i-zdravlje","tier-premium","","",""
"10410604855595","sve-za-kuhinju","tier-premium","","",""
"10573083836715","sve-za-kuhinju","tier-premium","","",""
"10571987714347","","","","",""
"9947781103915","sve-za-kuhinju","tier-premium","","",""
"10553129206059","lepota-i-zdravlje","tier-premium","","",""
"10555623178539","lepota-i-zdravlje","","","",""
"10553125273899","lepota-i-zdravlje","","","",""
"10590819320107","lepota-i-zdravlje","tier-premium","","",""
"10590286840107","lepota-i-zdravlje","tier-premium","","",""
"10553345966379","lepota-i-zdravlje","tier-premium","","",""
"10553130516779","lepota-i-zdravlje","tier-premium","","",""
"10553125339435","lepota-i-zdravlje","","","",""
"10553354289451","lepota-i-zdravlje","tier-premium","","",""
"10553341444395","lepota-i-zdravlje","tier-premium","","",""
"10565527896363","tier-premium","","","",""
"10565525340459","tier-premium","","","",""
"10572304318763","tier-premium","","","",""
"10565527732523","tier-premium","","","",""
"10574217380139","tier-premium","","","",""
"10553341313323","tier-premium","","","",""
"10565525274923","tier-premium","","","",""
"10572475728171","tier-premium","","","",""
"10590408966443","lepota-i-zdravlje","tier-premium","","",""
"10590814699819","lepota-i-zdravlje","tier-premium","","",""
"10590799036715","lepota-i-zdravlje","","","",""
"10553346916651","lepota-i-zdravlje","tier-premium","","",""
"10553124684075","lepota-i-zdravlje","tier-premium","","",""
"10553341739307","lepota-i-zdravlje","tier-premium","","",""
"10589647307051","lepota-i-zdravlje","tier-premium","","",""
"10553130385707","lepota-i-zdravlje","tier-premium","","",""
"10553130254635","lepota-i-zdravlje","tier-premium","","",""
"10553126453547","lepota-i-zdravlje","tier-premium","","",""
"10568605434155","lepota-i-zdravlje","","","",""
"10566520996139","lepota-i-zdravlje","","","",""
"9368611815723","lepota-i-zdravlje","tier-premium","","",""
"10566535184683","tier-premium","","","",""
"10590040162603","tier-premium","","","",""
"10590037016875","tier-premium","","","",""
"10565547721003","lepota-i-zdravlje","","","",""
"10570936582443","lepota-i-zdravlje","tier-premium","","",""
"9368623546667","tier-premium","","","",""
"10568684667179","lepota-i-zdravlje","","","",""
"10590178902315","tier-premium","","","",""
"9587040878891","tier-premium","","","",""
"8867042754859","tier-premium","","","",""
"10566789464363","tier-premium","","","",""
"10572718768427","rasveta","tier-premium","","",""
"10589540614443","tier-premium","","","",""
"10597596135723","tier-premium","","","",""
"10590268424491","tier-premium","","","",""
"10572498796843","tier-premium","","","",""
"10409520726315","tier-premium","","","",""
"10574224851243","tier-premium","","","",""
"10573977714987","sve-za-kuhinju","","","",""
"9817266880811","","","","",""
"10588756214059","tier-premium","","","",""
"10590748737835","","","","",""
"10555819131179","lepota-i-zdravlje","tier-premium","","",""
"10573064372523","","","","",""
"10555714961707","tier-premium","","","",""
"9025019117867","tier-premium","","","",""
"10588335407403","tier-premium","","","",""
"10572904497451","","","","",""
"10573083476267","tier-premium","","","",""
"10572458066219","tier-premium","","","",""
"10589558407467","tier-premium","","","",""
"10555678228779","tier-premium","","","",""
"10589256876331","","","","",""
"10572823101739","tier-premium","","","",""
"10566989938987","tier-premium","","","",""
"10590666129707","tier-premium","","","",""
"10566645612843","tier-premium","","","",""
"10592584499499","tier-premium","","","",""
"10592588103979","","","","",""
"10592585122091","sd-kartice","video-nadzor","","",""
"10409511289131","","","","",""
"10574119141675","tier-premium","","","",""
"10573979189547","sve-za-kuhinju","tier-premium","","",""
"10555657650475","tier-premium","","","",""
"10571997217067","tier-premium","","","",""
"10588210397483","tier-premium","","","",""
"10588216131883","tier-premium","","","",""
"10568623718699","sve-za-kuhinju","tier-premium","","",""
"10570845225259","sve-za-kuhinju","tier-premium","","",""
"10588972515627","tier-premium","","","",""
"10589099622699","sve-za-kuhinju","tier-premium","","",""
"10574369718571","sve-za-kuhinju","","","",""
"10592883966251","tier-premium","","","",""
"10572541460779","baterijske-lampe","rasveta","","",""
"10590955307307","tier-premium","","","",""
"10572780273963","tier-premium","","","",""
"10553363890475","","","","",""
"10572506890539","tier-premium","","","",""
"10555804025131","lepota-i-zdravlje","","","",""
"9990873383211","tier-premium","","","",""
"10589044998443","tier-premium","","","",""
"10588164751659","","","","",""
"10588052914475","lepota-i-zdravlje","tier-premium","","",""
"10554797293867","sve-za-kuhinju","tier-premium","","",""
"10590287757611","lepota-i-zdravlje","","","",""
"10566785794347","tier-premium","","","",""
"10590328226091","lepota-i-zdravlje","tier-premium","","",""
"10589622239531","tier-premium","","","",""
"10566530269483","tier-premium","","","",""
"10566584041771","tier-premium","","","",""
"10568695775531","tier-premium","","","",""
"10588180545835","tier-premium","","","",""
"10555678458155","tier-premium","","","",""
"10555678064939","","","","",""
"10568688075051","tier-premium","","","",""
"10572783616299","tier-premium","","","",""
"10592698695979","tier-premium","","","",""
"10592719831339","tier-premium","","","",""
"10573092585771","tier-premium","","","",""
"10409424814379","tier-premium","","","",""
"10575403581739","tier-premium","","","",""
"10575306916139","tier-premium","","","",""
"10589660479787","tier-premium","","","",""
"10555762540843","tier-premium","","","",""
"10555761754411","tier-premium","","","",""
"10566495338795","tier-premium","","","",""
"10590143512875","tier-premium","","","",""
"10588377710891","tier-premium","","","",""
"10575302557995","","","","",""
"10575390179627","","","","",""
"10597603770667","","","","",""
"10589706387755","tier-premium","","","",""
"9587053756715","","","","",""
"10572475564331","tier-premium","","","",""
"10597656822059","tier-premium","","","",""
"10568747024683","tier-premium","","","",""
"10588411461931","","","","",""
"10572576194859","tier-premium","","","",""
"10597675991339","tier-premium","","","",""
"10555747533099","tier-premium","","","",""
"10567108722987","","","","",""
"10554804666667","sve-za-kuhinju","","","",""
"10590906482987","tier-premium","","","",""
"10555643330859","","","","",""
"10566608945451","tier-premium","","","",""
"10555777581355","tier-premium","","","",""
"10588122644779","tier-premium","","","",""
"10589856334123","lepota-i-zdravlje","tier-premium","","",""
"10574496104747","video-nadzor","","","",""
"10566539280683","video-nadzor","tier-premium","","",""
"10589612671275","tier-premium","","","",""
"10410554917163","tier-premium","","","",""
"10572393218347","lepota-i-zdravlje","tier-premium","","",""
"10410557440299","tier-premium","","","",""
"10570543857963","tier-premium","","","",""
"10592718520619","tier-premium","","","",""
"10592670286123","tier-premium","","","",""
"10592673661227","tier-premium","","","",""
"9380202905899","tier-premium","","","",""
"10590949376299","tier-premium","","","",""
"10590921720107","tier-premium","","","",""
"10590392484139","tier-premium","","","",""
"10590388125995","tier-premium","","","",""
"10568638988587","sve-za-kuhinju","","","",""
"10589250289963","video-nadzor","","","",""
"10553361039659","video-nadzor","tier-premium","","",""
"10572390072619","video-nadzor","tier-premium","","",""
"10566477611307","video-nadzor","tier-premium","","",""
"10572886638891","video-nadzor","tier-premium","","",""
"10590891737387","tier-premium","","","",""
"10590936301867","sve-za-kuhinju","tier-premium","","",""
"10588871590187","tier-premium","","","",""
"10590612947243","lepota-i-zdravlje","","","",""
"10568807579947","sve-za-kuhinju","","","",""
"10589705994539","tier-premium","","","",""
"10590937219371","tier-premium","","","",""
"10588673540395","tier-premium","","","",""
"10568565850411","","","","",""
"10566848610603","","","","",""
"10590046257451","tier-premium","","","",""
"10572654641451","tier-premium","","","",""
"10592897859883","tier-premium","","","",""
"10592902086955","tier-premium","","","",""
"10590822564139","tier-premium","","","",""
"10590884757803","tier-premium","","","",""
"10590825742635","tier-premium","","","",""
"10589808886059","tier-premium","","","",""
"10590615142699","","","","",""
"10555661910315","tier-premium","","","",""
"10590903763243","","","","",""
"10410597810475","","","","",""
"10410551509291","sve-za-kuhinju","","","",""
"10588370862379","tier-premium","","","",""
"10565583995179","sve-za-kuhinju","tier-premium","","",""
"10565583896875","sve-za-kuhinju","tier-premium","","",""
"10555649392939","tier-premium","","","",""
"10555649360171","tier-premium","","","",""
"10565582913835","tier-premium","","","",""
"10555649982763","tier-premium","","","",""
"10555649524011","tier-premium","","","",""
"10588091187499","sve-za-kuhinju","tier-premium","","",""
"10589716480299","tier-premium","","","",""
"10572657525035","tier-premium","","","",""
"10572905677099","","","","",""
"10566618349867","","","","",""
"10588187918635","","","","",""
"10555779252523","sve-za-kuhinju","tier-premium","","",""
"10588067922219","tier-premium","","","",""
"10587638235435","sve-za-kuhinju","tier-premium","","",""
"10574673477931","sve-za-kuhinju","tier-premium","","",""
"10568803123499","sve-za-kuhinju","tier-premium","","",""
"10590851629355","tier-premium","","","",""
"10555750940971","tier-premium","","","",""
"10042677559595","","","","",""
"10588526838059","","","","",""
"10573911982379","tier-premium","","","",""
"10574836072747","tier-premium","","","",""
"10575201665323","sve-za-kuhinju","","","",""
"10588360802603","tier-premium","","","",""
"10572904431915","","","","",""
"10555755102507","tier-premium","","","",""
"10554800177451","sve-za-kuhinju","tier-premium","","",""
"10566657605931","","","","",""
"10555777122603","tier-premium","","","",""
"10410555703595","tier-premium","","","",""
"10574887158059","","","","",""
"10409420194091","","","","",""
"10589256286507","sve-za-kuhinju","tier-premium","","",""
"10572424151339","sve-za-kuhinju","tier-premium","","",""
"10572905087275","tier-premium","","","",""
"10589250847019","tier-premium","","","",""
"10597763842347","","","","",""
"10574038237483","tier-premium","","","",""
"10588919365931","tier-premium","","","",""
"9371293745451","","","","",""
"10597613175083","","","","",""
"10568787165483","tier-premium","","","",""
"10572593004843","lepota-i-zdravlje","","","",""
"10570832642347","lepota-i-zdravlje","tier-premium","","",""
"10410554753323","lepota-i-zdravlje","tier-premium","","",""
"10410553114923","lepota-i-zdravlje","tier-premium","","",""
"10589794074923","tier-premium","","","",""
"10572475695403","tier-premium","","","",""
"10572857344299","tier-premium","","","",""
"10588058255659","","","","",""
"10589266477355","tier-premium","","","",""
"10176576618795","tier-premium","","","",""
"10566611599659","tier-premium","","","",""
"10568714912043","lepota-i-zdravlje","tier-premium","","",""
"10588167602475","tier-premium","","","",""
"10592697745707","tier-premium","","","",""
"10176574325035","tier-premium","","","",""
"10588856746283","","","","",""
"10410607575339","tier-premium","","","",""
"10572552438059","lepota-i-zdravlje","","","",""
"10590261117227","tier-premium","","","",""
"10574842036523","lepota-i-zdravlje","","","",""
"10567156957483","lepota-i-zdravlje","","","",""
"10566825247019","lepota-i-zdravlje","","","",""
"10597763875115","video-nadzor","tier-premium","","",""
"10574828667179","tier-premium","","","",""
"10588121891115","","","","",""
"10572747833643","lepota-i-zdravlje","tier-premium","","",""
"10555819884843","tier-premium","","","",""
"10590148559147","tier-premium","","","",""
"9587049693483","tier-premium","","","",""
"10568697512235","","","","",""
"10572902105387","","","","",""
"10570809868587","tier-premium","","","",""
"9368656773419","","","","",""
"10567143719211","","","","",""
"10590252826923","tier-premium","","","",""
"10565519835435","rasveta","","","",""
"10555815297323","sve-za-kuhinju","","","",""
"10572487491883","sve-za-kuhinju","","","",""
"10555814347051","sve-za-kuhinju","","","",""
"10573635584299","sve-za-kuhinju","tier-premium","","",""
"10575263007019","lepota-i-zdravlje","tier-premium","","",""
"10566477218091","tier-premium","","","",""
"9587055755563","lepota-i-zdravlje","","","",""
"10555694317867","","","","",""
"10572446564651","tier-premium","","","",""
"10572334006571","tier-premium","","","",""
"10568545567019","sve-za-kuhinju","","","",""
"9368731746603","","","","",""
"10597606064427","","","","",""
"10572488671531","tier-premium","","","",""
"10568756560171","tier-premium","","","",""
"10566575161643","","","","",""
"10554800767275","rasveta","","","",""
"10588546466091","tier-premium","","","",""
"10592947306795","tier-premium","","","",""
"10590886232363","tier-premium","","","",""
"10590044815659","tier-premium","","","",""
"10566597869867","tier-premium","","","",""
"10588148269355","","","","",""
"10565565546795","tier-premium","","","",""
"10590279958827","tier-premium","","","",""
"10575300198699","lepota-i-zdravlje","tier-premium","","",""
"10575322186027","lepota-i-zdravlje","tier-premium","","",""
"10571148820779","tier-premium","","","",""
"9587058016555","led-trake","rasveta","tier-premium","",""
"10566662095147","led-trake","rasveta","","",""
"10409511551275","tier-premium","","","",""
"10590930927915","sve-za-kuhinju","","","",""
"10566569460011","rasveta","","","",""
"10567224557867","","","","",""
"10566664651051","rasveta","tier-premium","","",""
"10592655442219","sve-za-kuhinju","","","",""
"10590880858411","tier-premium","","","",""
"10590862737707","tier-premium","","","",""
"10410604921131","sve-za-kuhinju","tier-premium","","",""
"10574008844587","","","","",""
"10588122382635","tier-premium","","","",""
"10592849592619","sve-za-kuhinju","tier-premium","","",""
"10588871393579","tier-premium","","","",""
"10570822713643","tier-premium","","","",""
"10588503572779","tier-premium","","","",""
"10590665834795","tier-premium","","","",""
"10574222065963","tier-premium","","","",""
"10572489851179","tier-premium","","","",""
"10592854147371","tier-premium","","","",""
"10592536461611","tier-premium","","","",""
"10570916659499","lepota-i-zdravlje","","","",""
"10567135166763","sve-za-kuhinju","","","",""
"10589413998891","sve-za-kuhinju","","","",""
"10568642265387","lepota-i-zdravlje","","","",""
"10590731370795","tier-premium","","","",""
"9587030294827","","","","",""
"10555098890539","lepota-i-zdravlje","tier-premium","","",""
"10555099054379","lepota-i-zdravlje","tier-premium","","",""
"9023346082091","lepota-i-zdravlje","tier-premium","","",""
"10574891712811","sve-za-kuhinju","","","",""
"9368696029483","tier-premium","","","",""
"10589498868011","tier-premium","","","",""
"10555696709931","","","","",""
"10555648377131","tier-premium","","","",""
"10555678196011","","","","",""
"10410557309227","","","","",""
"10589622731051","tier-premium","","","",""
"10410557341995","tier-premium","","","",""
"10410557407531","tier-premium","","","",""
"10570832281899","lepota-i-zdravlje","","","",""
"10572297929003","tier-premium","","","",""
"10572557549867","tier-premium","","","",""
"10597726847275","","","","",""
"10568679522603","","","","",""
"10555691696427","","","","",""
"10589978132779","tier-premium","","","",""
"10590258266411","tier-premium","","","",""
"10566631424299","tier-premium","","","",""
"10574123860267","tier-premium","","","",""
"10597719245099","rasveta","tier-premium","","",""
"10572905349419","","","","",""
"10566592364843","tier-premium","","","",""
"10574458683691","lepota-i-zdravlje","tier-premium","","",""
"10588091580715","tier-premium","","","",""
"10590925979947","tier-premium","","","",""
"10555629076779","tier-premium","","","",""
"10555655815467","","","","",""
"10588430663979","tier-premium","","","",""
"10572492210475","tier-premium","","","",""
"10555629240619","tier-premium","","","",""
"10554743587115","tier-premium","","","",""
"10572906332459","tier-premium","","","",""
"10396872900907","video-nadzor","tier-premium","","",""
"10568770224427","tier-premium","","","",""
"10592864731435","tier-premium","","","",""
"9368692916523","","","","",""
"10410605248811","","","","",""
"10573064274219","tier-premium","","","",""
"10589849911595","tier-premium","","","",""
"10572831424811","tier-premium","","","",""
"10572339446059","tier-premium","","","",""
"10573956841771","tier-premium","","","",""
"10574837121323","tier-premium","","","",""
"10410596827435","sve-za-kuhinju","tier-premium","","",""
"10397580788011","rasveta","tier-premium","","",""
"10588130050347","tier-premium","","","",""
"10572442337579","rasveta","tier-premium","","",""
"10397592748331","rasveta","tier-premium","","",""
"10555684815147","tier-premium","","","",""
"9587031474475","rasveta","tier-premium","","",""
"10588405334315","tier-premium","","","",""
"10174141563179","tier-premium","","","",""
"10555777155371","tier-premium","","","",""
"9936646734123","","","","",""
"10589020553515","rasveta","tier-premium","","",""
"8883624214827","led-trake","rasveta","","",""
"10590697619755","tier-premium","","","",""
"10049263763755","tier-premium","","","",""
"10568635089195","","","","",""
"10588148039979","","","","",""
"10409511682347","rasveta","tier-premium","","",""
"10590157832491","lepota-i-zdravlje","tier-premium","","",""
"10565557322027","lepota-i-zdravlje","tier-premium","","",""
"10565568495915","tier-premium","","","",""
"10572336726315","tier-premium","","","",""
"10589695410475","tier-premium","","","",""
"10568739881259","tier-premium","","","",""
"10566880428331","","","","",""
"10589533831467","tier-premium","","","",""
"10572797608235","tier-premium","","","",""
"10566663962923","tier-premium","","","",""
"10555693400363","tier-premium","","","",""
"10090937385259","tier-premium","","","",""
"10590218223915","tier-premium","","","",""
"10555768111403","tier-premium","","","",""
"10412368593195","tier-premium","","","",""
"10589693935915","tier-premium","","","",""
"10588944761131","tier-premium","","","",""
"10555629961515","tier-premium","","","",""
"10589100212523","tier-premium","","","",""
"10409420980523","tier-premium","","","",""
"10566669074731","tier-premium","","","",""
"10588951445803","tier-premium","","","",""
"10570793124139","tier-premium","","","",""
"10555629207851","tier-premium","","","",""
"10588969107755","tier-premium","","","",""
"10555631567147","tier-premium","","","",""
"10555684716843","tier-premium","","","",""
"10555694580011","tier-premium","","","",""
"10555768340779","tier-premium","","","",""
"10589421175083","tier-premium","","","",""
"10555691761963","sve-za-kuhinju","","","",""
"10575215165739","","","","",""
"10588094267691","tier-premium","","","",""
"10589396468011","","","","",""
"10572393251115","tier-premium","","","",""
"10555762278699","tier-premium","","","",""
"10570816717099","lepota-i-zdravlje","tier-premium","","",""
"10592945537323","","","","",""
"10572299993387","tier-premium","","","",""
"10409515254059","","","","",""
"10588180971819","","","","",""
"10590167630123","tier-premium","","","",""
"10590930239787","tier-premium","","","",""
"10553340002603","tier-premium","","","",""
"10555622719787","tier-premium","","","",""
"10553355108651","lepota-i-zdravlje","tier-premium","","",""
"10553355174187","lepota-i-zdravlje","tier-premium","","",""
"10553358156075","lepota-i-zdravlje","","","",""
"10566482690347","lepota-i-zdravlje","","","",""
"10553354944811","lepota-i-zdravlje","tier-premium","","",""
"10553356157227","lepota-i-zdravlje","","","",""
"10553354486059","lepota-i-zdravlje","tier-premium","","",""
"10553354780971","lepota-i-zdravlje","tier-premium","","",""
"10566830326059","lepota-i-zdravlje","tier-premium","","",""
"10553354354987","lepota-i-zdravlje","tier-premium","","",""
"10574828437803","","","","",""
"10568807547179","","","","",""
"10570721886507","","","","",""
"10572779225387","lepota-i-zdravlje","tier-premium","","",""
"10575268512043","lepota-i-zdravlje","tier-premium","","",""
"10572440207659","lepota-i-zdravlje","tier-premium","","",""
"10566690668843","rasveta","tier-premium","","",""
"10597669273899","tier-premium","","","",""
"10574323220779","","","","",""
"10590039376171","tier-premium","","","",""
"10589513679147","lepota-i-zdravlje","","","",""
"10574296154411","lepota-i-zdravlje","tier-premium","","",""
"10574400651563","lepota-i-zdravlje","tier-premium","","",""
"10592852705579","tier-premium","","","",""
"10574254080299","","","","",""
"10572774539563","tier-premium","","","",""
"10589351182635","","","","",""
"10566907593003","","","","",""
"10555650736427","lepota-i-zdravlje","tier-premium","","",""
"10573121487147","lepota-i-zdravlje","tier-premium","","",""
"10566481379627","lepota-i-zdravlje","tier-premium","","",""
"10574292189483","lepota-i-zdravlje","tier-premium","","",""
"10555685896491","lepota-i-zdravlje","tier-premium","","",""
"10572504006955","lepota-i-zdravlje","tier-premium","","",""
"10555679310123","lepota-i-zdravlje","tier-premium","","",""
"10573064732971","tier-premium","","","",""
"10555792949547","tier-premium","","","",""
"10573064143147","tier-premium","","","",""
"9023034753323","tier-premium","","","",""
"10592530891051","tier-premium","","","",""
"10410551640363","tier-premium","","","",""
"10589566697771","tier-premium","","","",""
"10555648540971","tier-premium","","","",""
"10592851657003","tier-premium","","","",""
"10555682783531","tier-premium","","","",""
"10555775713579","tier-premium","","","",""
"10555777745195","tier-premium","","","",""
"10592857751851","tier-premium","","","",""
"10590063984939","tier-premium","","","",""
"10592860995883","sve-za-kuhinju","tier-premium","","",""
"10570547396907","tier-premium","","","",""
"10574134608171","tier-premium","","","",""
"10589272277291","","","","",""
"9587039437099","tier-premium","","","",""
"9371221098795","tier-premium","","","",""
"10566656786731","rasveta","tier-premium","","",""
"10567222427947","","","","",""
"10566797558059","tier-premium","","","",""
"10409509683499","","","","",""
"9936310796587","tier-premium","","","",""
"10568789459243","tier-premium","","","",""
"10574368801067","sve-za-kuhinju","","","",""
"10590195712299","tier-premium","","","",""
"10590275895595","tier-premium","","","",""
"10570824810795","tier-premium","","","",""
"10566611534123","sve-za-kuhinju","tier-premium","","",""
"10589499228459","tier-premium","","","",""
"10567141884203","","","","",""
"10555646705963","sve-za-kuhinju","","","",""
"10597675696427","lepota-i-zdravlje","tier-premium","","",""
"10573252624683","lepota-i-zdravlje","tier-premium","","",""
"10572303073579","tier-premium","","","",""
"10590254039339","lepota-i-zdravlje","","","",""
"10567119831339","tier-premium","","","",""
"10566476300587","tier-premium","","","",""
"10566478266667","tier-premium","","","",""
"10553122586923","","","","",""
"10589729653035","tier-premium","","","",""
"10555778433323","tier-premium","","","",""
"10571958518059","tier-premium","","","",""
"10589351215403","tier-premium","","","",""
"10567236026667","","","","",""
"10566863290667","","","","",""
"10592850706731","tier-premium","","","",""
"10589809475883","tier-premium","","","",""
"10574631764267","kompleti-za-nadzor","video-nadzor","tier-premium","",""
"10590897930539","lepota-i-zdravlje","","","",""
"10570511810859","lepota-i-zdravlje","tier-premium","","",""
"10590901666091","lepota-i-zdravlje","","","",""
"10589514563883","lepota-i-zdravlje","tier-premium","","",""
"10590902452523","lepota-i-zdravlje","","","",""
"10588142469419","","","","",""
"10572852887851","","","","",""
"10555759591723","","","","",""
"10592842973483","tier-premium","","","",""
"10592737132843","tier-premium","","","",""
"10590954455339","tier-premium","","","",""
"10570702979371","lepota-i-zdravlje","","","",""
"10570644848939","lepota-i-zdravlje","tier-premium","","",""
"10570549199147","lepota-i-zdravlje","tier-premium","","",""
"10592513294635","lepota-i-zdravlje","tier-premium","","",""
"10592512573739","lepota-i-zdravlje","tier-premium","","",""
"10419472957739","tier-premium","","","",""
"10555683307819","sve-za-kuhinju","tier-premium","","",""
"10592522141995","tier-premium","","","",""
"10410607411499","tier-premium","","","",""
"10592851689771","tier-premium","","","",""
"10566908281131","tier-premium","","","",""
"10592850182443","sve-za-kuhinju","tier-premium","","",""
"10589506961707","tier-premium","","","",""
"10555102167339","tier-premium","","","",""
"10589506437419","tier-premium","","","",""
"10589539860779","tier-premium","","","",""
"10589498081579","tier-premium","","","",""
"10592681623851","tier-premium","","","",""
"10555811266859","lepota-i-zdravlje","tier-premium","","",""
"10555809300779","lepota-i-zdravlje","tier-premium","","",""
"10575247474987","tier-premium","","","",""
"10592537280811","tier-premium","","","",""
"10590756340011","tier-premium","","","",""
"10590761091371","tier-premium","","","",""
"10592536559915","tier-premium","","","",""
"10588895674667","","","","",""
"10565515772203","tier-premium","","","",""
"10555678851371","tier-premium","","","",""
"10555741012267","tier-premium","","","",""
"10555740848427","tier-premium","","","",""
"10555740913963","tier-premium","","","",""
"10589887037739","tier-premium","","","",""
"10589885235499","tier-premium","","","",""
"10589885858091","tier-premium","","","",""
"10573065486635","","","","",""
"10589047390507","tier-premium","","","",""
"10555680194859","","","","",""
"10567259750699","","","","",""
"10589978034475","tier-premium","","","",""
"10572908527915","","","","",""
"10575269003563","tier-premium","","","",""
"10589472588075","lepota-i-zdravlje","tier-premium","","",""
"10590157340971","lepota-i-zdravlje","tier-premium","","",""
"10409513582891","tier-premium","","","",""
"10590927356203","tier-premium","","","",""
"10597608587563","","","","",""
"10410551673131","sve-za-kuhinju","","","",""
"10589436510507","tier-premium","","","",""
"10588827353387","","","","",""
"10590294278443","tier-premium","","","",""
"10590867849515","tier-premium","","","",""
"10589698851115","","","","",""
"10589698720043","tier-premium","","","",""
"10555114651947","lepota-i-zdravlje","","","",""
"10397705666859","rasveta","tier-premium","","",""
"10409513681195","rasveta","","","",""
"10555693302059","tier-premium","","","",""
"10572832899371","tier-premium","","","",""
"10573958381867","tier-premium","","","",""
"9368610308395","tier-premium","","","",""
"10588094398763","tier-premium","","","",""
"10590356144427","tier-premium","","","",""
"10574639530283","","","","",""
"10572908036395","tier-premium","","","",""
"10555725938987","tier-premium","","","",""
"10590760042795","tier-premium","","","",""
"10571150164267","tier-premium","","","",""
"10573239222571","tier-premium","","","",""
"10573066600747","tier-premium","","","",""
"10570604577067","tier-premium","","","",""
"10597635162411","sve-za-kuhinju","","","",""
"10409513550123","sve-za-kuhinju","","","",""
"10589089923371","sve-za-kuhinju","tier-premium","","",""
"10553363988779","tier-premium","","","",""
"10554403127595","tier-premium","","","",""
"10553311297835","tier-premium","","","",""
"10570713628971","tier-premium","","","",""
"10410597581099","tier-premium","","","",""
"10572835782955","sve-za-kuhinju","tier-premium","","",""
"10570941530411","sve-za-kuhinju","tier-premium","","",""
"10409512632619","sve-za-kuhinju","tier-premium","","",""
"10566581977387","tier-premium","","","",""
"10568710095147","tier-premium","","","",""
"10590269505835","tier-premium","","","",""
"10572747604267","tier-premium","","","",""
"10555819327787","tier-premium","","","",""
"10555690320171","lepota-i-zdravlje","tier-premium","","",""
"10554700693803","lepota-i-zdravlje","tier-premium","","",""
"10566854181163","","","","",""
"10410605347115","tier-premium","","","",""
"10592858177835","tier-premium","","","",""
"10570971218219","sve-za-kuhinju","","","",""
"10573878231339","sve-za-kuhinju","","","",""
"10589076390187","","","","",""
"10572835094827","tier-premium","","","",""
"10555660927275","lepota-i-zdravlje","tier-premium","","",""
"10570708386091","lepota-i-zdravlje","tier-premium","","",""
"10574106329387","tier-premium","","","",""
"10572392956203","tier-premium","","","",""
"10588097184043","tier-premium","","","",""
"10572504301867","tier-premium","","","",""
"10589631611179","tier-premium","","","",""
"10572747178283","tier-premium","","","",""
"10409510437163","tier-premium","","","",""
"10412732645675","rasveta","tier-premium","","",""
"10574137721131","tier-premium","","","",""
"10588176351531","tier-premium","","","",""
"10573750108459","tier-premium","","","",""
"9977569280299","lepota-i-zdravlje","tier-premium","","",""
"10565517213995","tier-premium","","","",""
"10566631129387","sve-za-kuhinju","","","",""
"10571985715499","tier-premium","","","",""
"10572466880811","tier-premium","","","",""
"10588210856235","tier-premium","","","",""
"10555694842155","tier-premium","","","",""
"10555695497515","","","","",""
"10555695530283","tier-premium","","","",""
"10589271425323","","","","",""
"10553125994795","tier-premium","","","",""
"10553363267883","","","","",""
"10592548258091","tier-premium","","","",""
"10590654071083","tier-premium","","","",""
"10573709639979","tier-premium","","","",""
"10589304586539","","","","",""
"10555678294315","tier-premium","","","",""
"10590400151851","lepota-i-zdravlje","tier-premium","","",""
"10597708595499","tier-premium","","","",""
"10574313029931","tier-premium","","","",""
"10574031061291","tier-premium","","","",""
"10574330429739","tier-premium","","","",""
"10574317748523","tier-premium","","","",""
"10574310211883","tier-premium","","","",""
"10574313193771","tier-premium","","","",""
"10574303985963","tier-premium","","","",""
"10574326235435","tier-premium","","","",""
"10570962469163","sve-za-kuhinju","tier-premium","","",""
"10572523897131","sve-za-kuhinju","tier-premium","","",""
"10572713820459","","","","",""
"10589476847915","lepota-i-zdravlje","","","",""
"10572755861803","lepota-i-zdravlje","","","",""
"10588413460779","","","","",""
"10588827124011","tier-premium","","","",""
"10592950681899","tier-premium","","","",""
"10570544415019","tier-premium","","","",""
"10555634647339","lepota-i-zdravlje","tier-premium","","",""
"9882519732523","tier-premium","","","",""
"10388466139435","tier-premium","","","",""
"10553346588971","lepota-i-zdravlje","tier-premium","","",""
"10567152042283","","","","",""
"10590458577195","tier-premium","","","",""
"10590613373227","tier-premium","","","",""
"10573664878891","tier-premium","","","",""
"10555811135787","lepota-i-zdravlje","","","",""
"10555812446507","lepota-i-zdravlje","","","",""
"9047701061931","tier-premium","","","",""
"10572434243883","lepota-i-zdravlje","tier-premium","","",""
"10566886687019","lepota-i-zdravlje","tier-premium","","",""
"10588195488043","tier-premium","","","",""
"10571968774443","lepota-i-zdravlje","tier-premium","","",""
"10571956125995","lepota-i-zdravlje","tier-premium","","",""
"10572899254571","tier-premium","","","",""
"10573049659691","","","","",""
"10573049692459","tier-premium","","","",""
"10588099739947","","","","",""
"10566584140075","tier-premium","","","",""
"10553126551851","lepota-i-zdravlje","tier-premium","","",""
"9986494529835","tier-premium","","","",""
"10570864001323","rasveta","tier-premium","","",""
"10409510568235","rasveta","tier-premium","","",""
"10410556522795","rasveta","tier-premium","","",""
"10554800636203","tier-premium","","","",""
"9023007686955","rasveta","","","",""
"10409510666539","tier-premium","","","",""
"10588187066667","tier-premium","","","",""
"10588334391595","lepota-i-zdravlje","","","",""
"10575243608363","","","","",""
"10566900875563","tier-premium","","","",""
"10555678982443","tier-premium","","","",""
"10555650441515","tier-premium","","","",""
"10565584945451","tier-premium","","","",""
"10555649458475","tier-premium","","","",""
"10555656896811","tier-premium","","","",""
"10555096629547","tier-premium","","","",""
"10555671249195","tier-premium","","","",""
"10590670618923","tier-premium","","","",""
"10588616818987","tier-premium","","","",""
"10572746948907","tier-premium","","","",""
"10409520628011","","","","",""
"10566920339755","","","","",""
"10590284022059","","","","",""
"10572339314987","tier-premium","","","",""
"10567168393515","","","","",""
"10574666268971","","","","",""
"10590008443179","tier-premium","","","",""
"10553124946219","lepota-i-zdravlje","","","",""
"10589348299051","tier-premium","","","",""
"10590420107563","video-nadzor","tier-premium","","",""
"10568733851947","video-nadzor","tier-premium","","",""
"10590416437547","video-nadzor","tier-premium","","",""
"10590680809771","video-nadzor","tier-premium","","",""
"10396872442155","video-nadzor","tier-premium","","",""
"10572450922795","video-nadzor","tier-premium","","",""
"10572578128171","tier-premium","","","",""
"10568670544171","lepota-i-zdravlje","","","",""
"10572580094251","lepota-i-zdravlje","","","",""
"10574165442859","","","","",""
"10589394010411","","","","",""
"10590457954603","","","","",""
"10590123426091","tier-premium","","","",""
"10572436308267","tier-premium","","","",""
"10566608388395","","","","",""
"10555683864875","lepota-i-zdravlje","tier-premium","","",""
"10590379147563","rasveta","","","",""
"10588648964395","baterijske-lampe","rasveta","","",""
"10588418965803","rasveta","tier-premium","","",""
"10554725105963","lepota-i-zdravlje","tier-premium","","",""
"10573862732075","tier-premium","","","",""
"10590664851755","tier-premium","","","",""
"10553359663403","baterijske-lampe","rasveta","","",""
"10570610082091","lepota-i-zdravlje","tier-premium","","",""
"10566818529579","","","","",""
"10590274355499","sve-za-kuhinju","tier-premium","","",""
"10590005035307","tier-premium","","","",""
"10589366288683","rasveta","tier-premium","","",""
"10590928142635","rasveta","tier-premium","","",""
"10590897471787","lepota-i-zdravlje","tier-premium","","",""
"10574892138795","","","","",""
"10570882515243","lepota-i-zdravlje","tier-premium","","",""
"10570644914475","lepota-i-zdravlje","tier-premium","","",""
"10570938450219","lepota-i-zdravlje","","","",""
"10588280488235","tier-premium","","","",""
"10588289433899","tier-premium","","","",""
"10553340821803","lepota-i-zdravlje","","","",""
"10589314416939","tier-premium","","","",""
"10574303461675","tier-premium","","","",""
"10409520759083","tier-premium","","","",""
"10590954684715","tier-premium","","","",""
"10589035299115","tier-premium","","","",""
"10589461512491","sve-za-kuhinju","tier-premium","","",""
"10572732039467","tier-premium","","","",""
"10555693629739","tier-premium","","","",""
"10572436144427","tier-premium","","","",""
"10410552852779","tier-premium","","","",""
"10410591093035","tier-premium","","","",""
"10410552885547","tier-premium","","","",""
"10572908069163","baterijske-lampe","rasveta","","",""
"10565585076523","sve-za-kuhinju","tier-premium","","",""
"10588938993963","tier-premium","","","",""
"10555684061483","sve-za-kuhinju","tier-premium","","",""
"10588562161963","tier-premium","","","",""
"10588672524587","tier-premium","","","",""
"10590869717291","tier-premium","","","",""
"10590825513259","tier-premium","","","",""
"10566468895019","tier-premium","","","",""
"10566593282347","tier-premium","","","",""
"10566864634155","tier-premium","","","",""
"10566817186091","","","","",""
"10597762728235","","","","",""
"10574916976939","","","","",""
"10568799650091","","","","",""
"10589246193963","","","","",""
"10589356228907","","","","",""
"10589357441323","","","","",""
"10589364322603","","","","",""
"10589353771307","tier-premium","","","",""
"10565518131499","","","","",""
"10588339208491","","","","",""
"10566907527467","","","","",""
"10571086790955","tier-premium","","","",""
"10573694665003","tier-premium","","","",""
"10570979901739","tier-premium","","","",""
"10592849264939","tier-premium","","","",""
"10572452790571","tier-premium","","","",""
"10574142767403","","","","",""
"10589582721323","","","","",""
"10573905330475","","","","",""
"10597789991211","","","","",""
"10568581841195","lepota-i-zdravlje","","","",""
"10592846053675","tier-premium","","","",""
"10565588320555","tier-premium","","","",""
"10589636329771","tier-premium","","","",""
"10572898533675","tier-premium","","","",""
"10589597565227","tier-premium","","","",""
"8893793370411","tier-premium","","","",""
"10592864239915","","","","",""
"10589059514667","tier-premium","","","",""
"10566518636843","tier-premium","","","",""
"10572446236971","tier-premium","","","",""
"10566661800235","tier-premium","","","",""
"10555692450091","tier-premium","","","",""
"10571993055531","tier-premium","","","",""
"10589055844651","tier-premium","","","",""
"10565592449323","tier-premium","","","",""
"10574086930731","tier-premium","","","",""
"10589620142379","tier-premium","","","",""
"10589619159339","tier-premium","","","",""
"10410590208299","tier-premium","","","",""
"10410589946155","tier-premium","","","",""
"10410590732587","tier-premium","","","",""
"10410552820011","tier-premium","","","",""
"10410590929195","tier-premium","","","",""
"10589315301675","tier-premium","","","",""
"10565593366827","tier-premium","","","",""
"10565592219947","tier-premium","","","",""
"10572899320107","tier-premium","","","",""
"10592860438827","sve-za-kuhinju","tier-premium","","",""
"10565593530667","tier-premium","","","",""
"10590462279979","tier-premium","","","",""
"10566591447339","tier-premium","","","",""
"10572669976875","tier-premium","","","",""
"10588374335787","lepota-i-zdravlje","tier-premium","","",""
"10590606917931","tier-premium","","","",""
"10574127595819","tier-premium","","","",""
"10554795295019","sve-za-kuhinju","","","",""
"10568792211755","","","","",""
"10566595871019","led-trake","rasveta","","",""
"10590045700395","rasveta","","","",""
"10590920737067","rasveta","tier-premium","","",""
"10553123438891","","","","",""
"10588518154539","rasveta","tier-premium","","",""
"10590378066219","rasveta","tier-premium","","",""
"10554420724011","led-trake","rasveta","","",""
"10597742870827","rasveta","tier-premium","","",""
"10554415055147","led-trake","rasveta","tier-premium","",""
"10554421674283","led-trake","rasveta","tier-premium","",""
"10554797326635","led-trake","rasveta","","",""
"10588057993515","","","","",""
"10590606262571","lepota-i-zdravlje","tier-premium","","",""
"10590146134315","rasveta","","","",""
"10589094314283","tier-premium","","","",""
"10574460617003","rasveta","tier-premium","","",""
"10589619650859","rasveta","tier-premium","","",""
"10588941549867","tier-premium","","","",""
"10589316284715","","","","",""
"10588616786219","tier-premium","","","",""
"10555722924331","tier-premium","","","",""
"10555725152555","lepota-i-zdravlje","tier-premium","","",""
"10555725447467","lepota-i-zdravlje","tier-premium","","",""
"10555725611307","tier-premium","","","",""
"10555725807915","tier-premium","","","",""
"10567089586475","lepota-i-zdravlje","tier-premium","","",""
"10568746271019","","","","",""
"10592893468971","tier-premium","","","",""
"10589687087403","tier-premium","","","",""
"10588262990123","tier-premium","","","",""
"10570600186155","tier-premium","","","",""
"10555706900779","tier-premium","","","",""
"10555779514667","tier-premium","","","",""
"10555691827499","tier-premium","","","",""
"10571971854635","tier-premium","","","",""
"10555779055915","tier-premium","","","",""
"10555779219755","tier-premium","","","",""
"10409507225899","tier-premium","","","",""
"10572886868267","video-nadzor","tier-premium","","",""
"10570596843819","tier-premium","","","",""
"10555711553835","tier-premium","","","",""
"10590873289003","","","","",""
"10555645526315","lepota-i-zdravlje","","","",""
"10590251843883","","","","",""
"10409507684651","","","","",""
"10574912782635","","","","",""
"10555108819243","lepota-i-zdravlje","","","",""
"10572478316843","tier-premium","","","",""
"10566794543403","tier-premium","","","",""
"10566880330027","tier-premium","","","",""
"10588128411947","tier-premium","","","",""
"10597790843179","tier-premium","","","",""
"10570832707883","tier-premium","","","",""
"10396872737067","video-nadzor","tier-premium","","",""
"10396871196971","video-nadzor","tier-premium","","",""
"10573066469675","sve-za-kuhinju","tier-premium","","",""
"10571076796715","tier-premium","","","",""
"9380947591467","tier-premium","","","",""
"10572337185067","tier-premium","","","",""
"10396872540459","solarne-kamere","video-nadzor","tier-premium","",""
"10592943997227","solarne-kamere","video-nadzor","tier-premium","",""
"10396872048939","baby-monitori","video-nadzor","tier-premium","",""
"10396875030827","video-nadzor","tier-premium","","",""
"10396875850027","video-nadzor","tier-premium","","",""
"10396874178859","video-nadzor","tier-premium","","",""
"10396872180011","video-nadzor","tier-premium","","",""
"10396877488427","video-nadzor","tier-premium","","",""
"10396874703147","video-nadzor","tier-premium","","",""
"10396873785643","video-nadzor","tier-premium","","",""
"10566449725739","video-nadzor","tier-premium","","",""
"10396874146091","video-nadzor","tier-premium","","",""
"10396877193515","video-nadzor","tier-premium","","",""
"10396877750571","video-nadzor","tier-premium","","",""
"9069279838507","","","","",""
"10570808131883","","","","",""
"10567088865579","lepota-i-zdravlje","","","",""
"10555089879339","sve-za-kuhinju","tier-premium","","",""
"10589314941227","","","","",""
"10588147253547","","","","",""
"10571970281771","tier-premium","","","",""
"9368664965419","","","","",""
"10572471566635","sve-za-kuhinju","tier-premium","","",""
"10409508241707","lepota-i-zdravlje","tier-premium","","",""
"10572342395179","sve-za-kuhinju","tier-premium","","",""
"10555691893035","sve-za-kuhinju","tier-premium","","",""
"10554741195051","sve-za-kuhinju","tier-premium","","",""
"10553121374507","sve-za-kuhinju","tier-premium","","",""
"10590325899563","tier-premium","","","",""
"10589870850347","tier-premium","","","",""
"10555778105643","tier-premium","","","",""
"10555776729387","tier-premium","","","",""
"10555775582507","tier-premium","","","",""
"10555746156843","tier-premium","","","",""
"10555775910187","tier-premium","","","",""
"10555771879723","tier-premium","","","",""
"10566514639147","lepota-i-zdravlje","tier-premium","","",""
"10588343501099","lepota-i-zdravlje","tier-premium","","",""
"10590782849323","lepota-i-zdravlje","tier-premium","","",""
"10590779932971","lepota-i-zdravlje","tier-premium","","",""
"10590809194795","lepota-i-zdravlje","tier-premium","","",""
"10590821941547","lepota-i-zdravlje","tier-premium","","",""
"10588454453547","lepota-i-zdravlje","tier-premium","","",""
"10590820565291","lepota-i-zdravlje","tier-premium","","",""
"10590789959979","lepota-i-zdravlje","tier-premium","","",""
"10590779179307","lepota-i-zdravlje","tier-premium","","",""
"10590821056811","lepota-i-zdravlje","tier-premium","","",""
"10590785569067","lepota-i-zdravlje","tier-premium","","",""
"10590794547499","lepota-i-zdravlje","tier-premium","","",""
"10590708236587","lepota-i-zdravlje","","","",""
"10590707810603","lepota-i-zdravlje","","","",""
"10590817616171","lepota-i-zdravlje","tier-premium","","",""
"10590806180139","lepota-i-zdravlje","","","",""
"10588460613931","lepota-i-zdravlje","tier-premium","","",""
"10590789108011","lepota-i-zdravlje","tier-premium","","",""
"10555824111915","sve-za-kuhinju","","","",""
"10588854321451","","","","",""
"10590003855659","rasveta","tier-premium","","",""
"10588089352491","sve-za-kuhinju","tier-premium","","",""
"10597654298923","sve-za-kuhinju","tier-premium","","",""
"10589319135531","sve-za-kuhinju","","","",""
"10554797457707","sve-za-kuhinju","","","",""
"10574638940459","tier-premium","","","",""
"10590274486571","sve-za-kuhinju","","","",""
"10574295040299","sve-za-kuhinju","tier-premium","","",""
"10409507946795","","","","",""
"10574155350315","","","","",""
"10572845416747","","","","",""
"10565556175147","","","","",""
"10565552996651","","","","",""
"10592884654379","tier-premium","","","",""
"10589693837611","","","","",""
"10588265546027","tier-premium","","","",""
"10555107082539","sve-za-kuhinju","tier-premium","","",""
"10555644117291","sve-za-kuhinju","tier-premium","","",""
"10566533054763","tier-premium","","","",""
"10592682279211","tier-premium","","","",""
"10588607578411","tier-premium","","","",""
"10572509348139","tier-premium","","","",""
"10573698695467","tier-premium","","","",""
"10588257648939","tier-premium","","","",""
"10572852658475","","","","",""
"10573974667563","lepota-i-zdravlje","","","",""
"10572438143275","lepota-i-zdravlje","","","",""
"10572886835499","lepota-i-zdravlje","tier-premium","","",""
"10588588605739","","","","",""
"10553312706859","sve-za-kuhinju","tier-premium","","",""
"10554803454251","sve-za-kuhinju","tier-premium","","",""
"10589687251243","sve-za-kuhinju","tier-premium","","",""
"10567253721387","sve-za-kuhinju","","","",""
"10249765880107","tier-premium","","","",""
"10409511813419","tier-premium","","","",""
"10555779645739","tier-premium","","","",""
"10588122251563","","","","",""
"10572759138603","sve-za-kuhinju","tier-premium","","",""
"10555754479915","sve-za-kuhinju","tier-premium","","",""
"10574852948267","sve-za-kuhinju","tier-premium","","",""
"10568550220075","sve-za-kuhinju","","","",""
"10572838109483","sve-za-kuhinju","tier-premium","","",""
"10589402005803","tier-premium","","","",""
"10597648630059","","","","",""
"10589426188587","","","","",""
"10588702572843","tier-premium","","","",""
"10590005068075","lepota-i-zdravlje","tier-premium","","",""
"10588384854315","sve-za-kuhinju","","","",""
"10588686942507","tier-premium","","","",""
"10574186086699","tier-premium","","","",""
"10590038556971","tier-premium","","","",""
"10592858505515","tier-premium","","","",""
"10566681592107","","","","",""
"10410554786091","","","","",""
"10410554818859","","","","",""
"10410554884395","tier-premium","","","",""
"10572666896683","","","","",""
"10567062126891","","","","",""
"10572787384619","lepota-i-zdravlje","","","",""
"10555806122283","lepota-i-zdravlje","","","",""
"10597723832619","lepota-i-zdravlje","","","",""
"10590460805419","tier-premium","","","",""
"10588229140779","","","","",""
"10588100722987","sve-za-kuhinju","","","",""
"10588330393899","tier-premium","","","",""
"10590211080491","video-nadzor","tier-premium","","",""
"10589868196139","tier-premium","","","",""
"10589868294443","tier-premium","","","",""
"10555746910507","tier-premium","","","",""
"10592857719083","tier-premium","","","",""
"10590051959083","tier-premium","","","",""
"10589874028843","tier-premium","","","",""
"10590629986603","","","","",""
"10590618288427","tier-premium","","","",""
"10590650532139","tier-premium","","","",""
"10590681039147","tier-premium","","","",""
"10555681341739","tier-premium","","","",""
"10555680850219","tier-premium","","","",""
"8850550096171","tier-premium","","","",""
"10566679298347","tier-premium","","","",""
"10555682324779","tier-premium","","","",""
"10590276092203","lepota-i-zdravlje","tier-premium","","",""
"9587018400043","","","","",""
"10057595355435","","","","",""
"10588133753131","","","","",""
"10568793850155","sd-kartice","video-nadzor","","",""
"10590657970475","tier-premium","","","",""
"10572781257003","sve-za-kuhinju","","","",""
"10573962314027","sve-za-kuhinju","tier-premium","","",""
"10572342362411","sve-za-kuhinju","","","",""
"10572837945643","sve-za-kuhinju","","","",""
"10573964706091","sve-za-kuhinju","tier-premium","","",""
"10555690451243","sve-za-kuhinju","tier-premium","","",""
"10568612839723","sve-za-kuhinju","","","",""
"10555644477739","sve-za-kuhinju","tier-premium","","",""
"10572840567083","sve-za-kuhinju","","","",""
"10590261510443","sve-za-kuhinju","tier-premium","","",""
"10573738148139","sve-za-kuhinju","","","",""
"10566575423787","sve-za-kuhinju","tier-premium","","",""
"10409511321899","sve-za-kuhinju","","","",""
"10572510429483","tier-premium","","","",""
"9050032472363","tier-premium","","","",""
"10572587204907","tier-premium","","","",""
"9022805573931","","","","",""
"10572894142763","tier-premium","","","",""
"10572516655403","tier-premium","","","",""
"10590649483563","","","","",""
"10572791087403","sve-za-kuhinju","","","",""
"10574912717099","sve-za-kuhinju","","","",""
"10589330604331","sve-za-kuhinju","","","",""
"10590847893803","tier-premium","","","",""
"10590847762731","tier-premium","","","",""
"10588085944619","","","","",""
"10570689708331","lepota-i-zdravlje","tier-premium","","",""
"10568736440619","lepota-i-zdravlje","","","",""
"10565513412907","tier-premium","","","",""
"10588546007339","tier-premium","","","",""
"9371211333931","tier-premium","","","",""
"9368653758763","rasveta","tier-premium","","",""
"10555658174763","tier-premium","","","",""
"10566592069931","tier-premium","","","",""
"10570454729003","tier-premium","","","",""
"10590179590443","tier-premium","","","",""
"10574091977003","tier-premium","","","",""
"10574189101355","tier-premium","","","",""
"10572901351723","tier-premium","","","",""
"10574218559787","tier-premium","","","",""
"10574162657579","tier-premium","","","",""
"10590169497899","tier-premium","","","",""
"10590192763179","tier-premium","","","",""
"10590225891627","tier-premium","","","",""
"10555805401387","lepota-i-zdravlje","","","",""
"10573049430315","tier-premium","","","",""
"10589849223467","tier-premium","","","",""
"10574068547883","tier-premium","","","",""
"10572908822827","tier-premium","","","",""
"10572900172075","","","","",""
"10570826252587","tier-premium","","","",""
"10555791507755","tier-premium","","","",""
"10555803861291","lepota-i-zdravlje","","","",""
"10555801436459","lepota-i-zdravlje","","","",""
"10555801010475","lepota-i-zdravlje","","","",""
"10555801305387","lepota-i-zdravlje","","","",""
"10555804811563","lepota-i-zdravlje","","","",""
"10555804385579","lepota-i-zdravlje","tier-premium","","",""
"10574184022315","tier-premium","","","",""
"10568754757931","tier-premium","","","",""
"10592521978155","tier-premium","","","",""
"10566922830123","tier-premium","","","",""
"10568600224043","lepota-i-zdravlje","","","",""
"10566940492075","tier-premium","","","",""
"10590664294699","tier-premium","","","",""
"10573049463083","tier-premium","","","",""
"10572333547819","tier-premium","","","",""
"10590659739947","tier-premium","","","",""
"10589328900395","sve-za-kuhinju","","","",""
"10590658494763","tier-premium","","","",""
"10592852508971","tier-premium","","","",""
"10592522174763","tier-premium","","","",""
"10572907774251","tier-premium","","","",""
"10572907118891","tier-premium","","","",""
"10572901384491","","","","",""
"10567209025835","","","","",""
"9368655528235","","","","",""
"10571967660331","sve-za-kuhinju","tier-premium","","",""
"10588103704875","tier-premium","","","",""
"10555801370923","lepota-i-zdravlje","","","",""
"10588243525931","tier-premium","","","",""
"9024940671275","","","","",""
"10566922469675","","","","",""
"10572840763691","","","","",""
"10573969293611","","","","",""
"10589749182763","lepota-i-zdravlje","","","",""
"10572902859051","tier-premium","","","",""
"10590659936555","tier-premium","","","",""
"10574181859627","tier-premium","","","",""
"10555620262187","lepota-i-zdravlje","","","",""
"10555620557099","lepota-i-zdravlje","","","",""
"10555620393259","lepota-i-zdravlje","","","",""
"10590297719083","tier-premium","","","",""
"10555804516651","lepota-i-zdravlje","tier-premium","","",""
"10565516362027","rasveta","tier-premium","","",""
"10555804877099","lepota-i-zdravlje","tier-premium","","",""
"10555804320043","lepota-i-zdravlje","tier-premium","","",""
"10409420357931","tier-premium","","","",""
"10568623784235","rasveta","","","",""
"10409420489003","","","","",""
"10572909412651","tier-premium","","","",""
"10573048971563","tier-premium","","","",""
"10566542655787","","","","",""
"10555780137259","sve-za-kuhinju","tier-premium","","",""
"10590895407403","tier-premium","","","",""
"10572833194283","sve-za-kuhinju","tier-premium","","",""
"10592562020651","tier-premium","","","",""
"10571163697451","sve-za-kuhinju","tier-premium","","",""
"10589390864683","tier-premium","","","",""
"10555800453419","lepota-i-zdravlje","","","",""
"10588654895403","","","","",""
"10573056573739","tier-premium","","","",""
"10566875873579","lepota-i-zdravlje","","","",""
"10573059785003","tier-premium","","","",""
"10566865486123","","","","",""
"10555793539371","tier-premium","","","",""
"10555792851243","tier-premium","","","",""
"10589706617131","tier-premium","","","",""
"10597592400171","lepota-i-zdravlje","tier-premium","","",""
"10590139318571","tier-premium","","","",""
"10573049757995","tier-premium","","","",""
"10555683832107","sve-za-kuhinju","tier-premium","","",""
"10393990070571","tier-premium","","","",""
"10573997572395","tier-premium","","","",""
"10566955401515","tier-premium","","","",""
"10572790989099","tier-premium","","","",""
"10597793923371","tier-premium","","","",""
"10555683504427","lepota-i-zdravlje","tier-premium","","",""
"10590086005035","lepota-i-zdravlje","tier-premium","","",""
"10590696833323","lepota-i-zdravlje","","","",""
"10567143358763","","","","",""
"10592670351659","tier-premium","","","",""
"10574856159531","sve-za-kuhinju","tier-premium","","",""
"10409508340011","sve-za-kuhinju","tier-premium","","",""
"9587018957099","","","","",""
"10572520816939","tier-premium","","","",""
"10555680620843","","","","",""
"10555791474987","tier-premium","","","",""
"10574847115563","tier-premium","","","",""
"10588100428075","","","","",""
"10597772132651","tier-premium","","","",""
"10573259866411","","","","",""
"10589342892331","tier-premium","","","",""
"10572668371243","tier-premium","","","",""
"10588459827499","rasveta","tier-premium","","",""
"10592698335531","tier-premium","","","",""
"10590205673771","tier-premium","","","",""
"10573050642731","tier-premium","","","",""
"10573999276331","","","","",""
"10553124553003","tier-premium","","","",""
"9368624529707","","","","",""
"10573050216747","","","","",""
"10573051068715","tier-premium","","","",""
"10567143817515","tier-premium","","","",""
"10574655062315","sve-za-kuhinju","tier-premium","","",""
"10570548707627","tier-premium","","","",""
"10588501410091","lepota-i-zdravlje","tier-premium","","",""
"9587024953643","lepota-i-zdravlje","tier-premium","","",""
"10409509650731","lepota-i-zdravlje","tier-premium","","",""
"10555648606507","lepota-i-zdravlje","tier-premium","","",""
"10566618054955","lepota-i-zdravlje","tier-premium","","",""
"10566681821483","lepota-i-zdravlje","tier-premium","","",""
"10555679080747","","","","",""
"10572557943083","","","","",""
"10567164887339","","","","",""
"10568681849131","lepota-i-zdravlje","tier-premium","","",""
"10574396260651","lepota-i-zdravlje","tier-premium","","",""
"9380917051691","tier-premium","","","",""
"10588105015595","","","","",""
"10588355494187","","","","",""
"10555655258411","lepota-i-zdravlje","tier-premium","","",""
"10555647328555","lepota-i-zdravlje","tier-premium","","",""
"10555634975019","lepota-i-zdravlje","tier-premium","","",""
"10566497829163","lepota-i-zdravlje","tier-premium","","",""
"10566400606507","lepota-i-zdravlje","tier-premium","","",""
"10588395569451","tier-premium","","","",""
"10597775180075","tier-premium","","","",""
"10589715202347","tier-premium","","","",""
"10568803844395","","","","",""
"10567179338027","sve-za-kuhinju","","","",""
"10588117762347","","","","",""
"10555645624619","sve-za-kuhinju","","","",""
"10572773851435","","","","",""
"10410553016619","","","","",""
"10567138050347","","","","",""
"10590281007403","sve-za-kuhinju","tier-premium","","",""
"10568646000939","sve-za-kuhinju","","","",""
"10555643298091","sve-za-kuhinju","tier-premium","","",""
"10572842041643","sve-za-kuhinju","","","",""
"10572855705899","tier-premium","","","",""
"10590764663083","lepota-i-zdravlje","","","",""
"10588150464811","","","","",""
"10555641790763","sve-za-kuhinju","tier-premium","","",""
"10574346715435","sve-za-kuhinju","tier-premium","","",""
"10555642183979","sve-za-kuhinju","tier-premium","","",""
"10555635597611","sve-za-kuhinju","tier-premium","","",""
"10575343255851","sve-za-kuhinju","tier-premium","","",""
"10572521603371","sve-za-kuhinju","tier-premium","","",""
"10574648246571","sve-za-kuhinju","","","",""
"10590247551275","tier-premium","","","",""
"10589341385003","tier-premium","","","",""
"10588104294699","","","","",""
"10573971587371","","","","",""
"10568713175339","","","","",""
"10597775638827","","","","",""
"10565519671595","","","","",""
"10566833602859","lepota-i-zdravlje","tier-premium","","",""
"10567135461675","lepota-i-zdravlje","tier-premium","","",""
"10575416000811","lepota-i-zdravlje","tier-premium","","",""
"10588107211051","tier-premium","","","",""
"10555805237547","lepota-i-zdravlje","","","",""
"10575294431531","lepota-i-zdravlje","tier-premium","","",""
"10588106096939","lepota-i-zdravlje","tier-premium","","",""
"10572394299691","tier-premium","","","",""
"10565549949227","tier-premium","","","",""
"10572039946539","tier-premium","","","",""
"10573969621291","tier-premium","","","",""
"10572841615659","tier-premium","","","",""
"10555749171499","","","","",""
"10567074251051","","","","",""
"10554731102507","tier-premium","","","",""
"10568813150507","","","","",""
"10410553180459","tier-premium","","","",""
"10568707211563","","","","",""
"10570832773419","lepota-i-zdravlje","tier-premium","","",""
"10555690385707","lepota-i-zdravlje","tier-premium","","",""
"10597680513323","","","","",""
"10410597384491","","","","",""
"10575169159467","rasveta","","","",""
"10589431791915","rasveta","","","",""
"10588395405611","tier-premium","","","",""
"10572846498091","","","","",""
"10573973979435","tier-premium","","","",""
"10565528518955","lepota-i-zdravlje","tier-premium","","",""
"10566864404779","tier-premium","","","",""
"10590246142251","","","","",""
"10570794008875","tier-premium","","","",""
"10555678261547","tier-premium","","","",""
"10589758193963","tier-premium","","","",""
"10592681132331","tier-premium","","","",""
"10555671085355","tier-premium","","","",""
"10398098293035","tier-premium","","","",""
"10553340920107","lepota-i-zdravlje","tier-premium","","",""
"9935124922667","tier-premium","","","",""
"10572444041515","tier-premium","","","",""
"10570633117995","tier-premium","","","",""
"10588623470891","tier-premium","","","",""
"10590947770667","tier-premium","","","",""
"10555812610347","lepota-i-zdravlje","tier-premium","","",""
"10553340887339","lepota-i-zdravlje","tier-premium","","",""
"10590907400491","tier-premium","","","",""
"10572667093291","tier-premium","","","",""
"10572438798635","tier-premium","","","",""
"10590247911723","tier-premium","","","",""
"10573261340971","lepota-i-zdravlje","tier-premium","","",""
"10566871712043","tier-premium","","","",""
"10589439623467","lepota-i-zdravlje","tier-premium","","",""
"10575204745515","sve-za-kuhinju","","","",""
"10554408829227","","","","",""
"10592537018667","video-nadzor","tier-premium","","",""
"10568830255403","video-nadzor","tier-premium","","",""
"10588265185579","","","","",""
"10566631162155","tier-premium","","","",""
"10572537856299","tier-premium","","","",""
"10589333946667","tier-premium","","","",""
"10555649261867","sve-za-kuhinju","tier-premium","","",""
"10572884476203","tier-premium","","","",""
"10572539396395","tier-premium","","","",""
"10572885623083","tier-premium","","","",""
"10588092727595","sve-za-kuhinju","tier-premium","","",""
"10572885885227","tier-premium","","","",""
"10555621769515","tier-premium","","","",""
"10555621572907","","","","",""
"10555621507371","","","","",""
"10555621540139","","","","",""
"10590253842731","lepota-i-zdravlje","","","",""
"10572536185131","tier-premium","","","",""
"9371101921579","tier-premium","","","",""
"10588792324395","","","","",""
"10574458716459","tier-premium","","","",""
"10409506144555","sijalica-kamere","video-nadzor","tier-premium","",""
"10313362571563","lepota-i-zdravlje","","","",""
"10590877450539","","","","",""
"10572561940779","lepota-i-zdravlje","","","",""
"10555778629931","","","","",""
"10590672027947","tier-premium","","","",""
"10555692777771","","","","",""
"10570700980523","","","","",""
"10589748527403","lepota-i-zdravlje","tier-premium","","",""
"10555642151211","tier-premium","","","",""
"10042688078123","tier-premium","","","",""
"10589850370347","tier-premium","","","",""
"10589730275627","rasveta","tier-premium","","",""
"10589730537771","rasveta","tier-premium","","",""
"10590309253419","tier-premium","","","",""
"10589081698603","tier-premium","","","",""
"10588318761259","tier-premium","","","",""
"10575243444523","sve-za-kuhinju","tier-premium","","",""
"10588908945707","sve-za-kuhinju","tier-premium","","",""
"10592934330667","sve-za-kuhinju","tier-premium","","",""
"10410555670827","sve-za-kuhinju","tier-premium","","",""
"10589096182059","sve-za-kuhinju","tier-premium","","",""
"10555635368235","sve-za-kuhinju","tier-premium","","",""
"10571958124843","sve-za-kuhinju","tier-premium","","",""
"10572339740971","solarne-kamere","video-nadzor","tier-premium","",""
"10396877324587","solarne-kamere","video-nadzor","tier-premium","",""
"10590246699307","solarne-kamere","video-nadzor","tier-premium","",""
"10396874309931","solarne-kamere","video-nadzor","tier-premium","",""
"10592944652587","solarne-kamere","video-nadzor","tier-premium","",""
"10568843657515","solarne-kamere","video-nadzor","tier-premium","",""
"10572341215531","rasveta","","","",""
"10555657027883","rasveta","tier-premium","","",""
"10396875260203","solarne-kamere","video-nadzor","tier-premium","",""
"9368649597227","","","","",""
"10597607604523","rasveta","","","",""
"10590692639019","tier-premium","","","",""
"10397710811435","rasveta","tier-premium","","",""
"10572877922603","solarne-kamere","video-nadzor","tier-premium","",""
"10572339511595","solarne-kamere","video-nadzor","tier-premium","",""
"10409508929835","rasveta","","","",""
"10565515280683","rasveta","","","",""
"9368633573675","rasveta","tier-premium","","",""
"9998365491499","rasveta","","","",""
"10409509028139","tier-premium","","","",""
"10397613490475","rasveta","tier-premium","","",""
"10409510928683","rasveta","tier-premium","","",""
"10565521801515","rasveta","tier-premium","","",""
"10555655848235","rasveta","","","",""
"10397712974123","rasveta","tier-premium","","",""
"10397713432875","rasveta","tier-premium","","",""
"10397622632747","rasveta","tier-premium","","",""
"10397626630443","rasveta","tier-premium","","",""
"10397629219115","rasveta","tier-premium","","",""
"10565522358571","rasveta","","","",""
"10397618045227","rasveta","tier-premium","","",""
"10397644849451","rasveta","tier-premium","","",""
"10573097894187","rasveta","tier-premium","","",""
"10597669372203","rasveta","tier-premium","","",""
"10589912203563","solarne-kamere","video-nadzor","tier-premium","",""
"10589903651115","solarne-kamere","video-nadzor","tier-premium","",""
"10573253443883","solarne-kamere","video-nadzor","tier-premium","",""
"10589919674667","solarne-kamere","video-nadzor","tier-premium","",""
"10409510994219","rasveta","tier-premium","","",""
"10396874473771","solarne-kamere","video-nadzor","tier-premium","",""
"10555743797547","rasveta","","","",""
"10555742454059","rasveta","tier-premium","","",""
"10555822604587","tier-premium","","","",""
"10589917741355","solarne-kamere","video-nadzor","tier-premium","",""
"10565522489643","rasveta","","","",""
"10409511026987","rasveta","","","",""
"10565519016235","rasveta","","","",""
"10555657322795","rasveta","tier-premium","","",""
"10555816313131","rasveta","tier-premium","","",""
"10589630857515","tier-premium","","","",""
"10572672598315","rasveta","tier-premium","","",""
"10589242425643","rasveta","","","",""
"10589424943403","rasveta","","","",""
"10555656995115","rasveta","tier-premium","","",""
"10589347053867","rasveta","tier-premium","","",""
"10589691085099","","","","",""
"9587000901931","rasveta","tier-premium","","",""
"10555656929579","rasveta","tier-premium","","",""
"10589631545643","rasveta","tier-premium","","",""
"10555661615403","rasveta","tier-premium","","",""
"10590008410411","rasveta","tier-premium","","",""
"10555657060651","rasveta","tier-premium","","",""
"10572831981867","rasveta","","","",""
"10555743011115","rasveta","","","",""
"10589370450219","rasveta","","","",""
"10590671536427","rasveta","","","",""
"10409511092523","rasveta","","","",""
"10397681484075","rasveta","tier-premium","","",""
"10397632299307","rasveta","tier-premium","","",""
"10397652648235","rasveta","tier-premium","","",""
"10397714022699","rasveta","tier-premium","","",""
"10397678862635","rasveta","tier-premium","","",""
"10573821575467","rasveta","tier-premium","","",""
"10574686748971","rasveta","tier-premium","","",""
"10568688271659","rasveta","tier-premium","","",""
"10566492619051","rasveta","","","",""
"10397684236587","rasveta","tier-premium","","",""
"10555658338603","rasveta","","","",""
"10565508170027","rasveta","tier-premium","","",""
"10397687152939","rasveta","tier-premium","","",""
"10573957529899","rasveta","tier-premium","","",""
"10567165083947","rasveta","","","",""
"10553126322475","rasveta","tier-premium","","",""
"10397649207595","rasveta","tier-premium","","",""
"10397599170859","rasveta","tier-premium","","",""
"10566979617067","rasveta","tier-premium","","",""
"10554413908267","tier-premium","","","",""
"10553365594411","tier-premium","","","",""
"10553361695019","tier-premium","","","",""
"10409517809963","","","","",""
"10566641123627","rasveta","tier-premium","","",""
"10409513058603","rasveta","","","",""
"10572759400747","rasveta","tier-premium","","",""
"10409511125291","rasveta","tier-premium","","",""
"10409509749035","","","","",""
"10597672845611","tier-premium","","","",""
"10574151876907","rasveta","","","",""
"10589334569259","rasveta","tier-premium","","",""
"10573257965867","rasveta","tier-premium","","",""
"10573834420523","rasveta","tier-premium","","",""
"10555745501483","rasveta","tier-premium","","",""
"10555741143339","rasveta","tier-premium","","",""
"10397714579755","rasveta","","","",""
"10397711434027","rasveta","tier-premium","","",""
"10397709369643","rasveta","tier-premium","","",""
"10397710319915","rasveta","tier-premium","","",""
"10566612844843","rasveta","tier-premium","","",""
"10573256491307","rasveta","tier-premium","","",""
"10573257441579","rasveta","tier-premium","","",""
"10397715038507","rasveta","tier-premium","","",""
"10573254787371","rasveta","tier-premium","","",""
"10566773899563","","","","",""
"10565522391339","tier-premium","","","",""
"10573255409963","rasveta","tier-premium","","",""
"10568709800235","tier-premium","","","",""
"10553123078443","tier-premium","","","",""
"10590242013483","","","","",""
"9937946083627","","","","",""
"10568579285291","","","","",""
"10409509814571","","","","",""
"10555820048683","","","","",""
"10572440535339","","","","",""
"10590675534123","","","","",""
"10555742617899","rasveta","tier-premium","","",""
"10555742716203","rasveta","tier-premium","","",""
"10565508399403","rasveta","tier-premium","","",""
"10555817951531","rasveta","","","",""
"10568838054187","rasveta","tier-premium","","",""
"10555658961195","rasveta","","","",""
"10589058597163","rasveta","","","",""
"10555661353259","rasveta","","","",""
"10565522260267","rasveta","","","",""
"10555632288043","rasveta","","","",""
"10567262961963","rasveta","","","",""
"10565520032043","rasveta","tier-premium","","",""
"10555688255787","rasveta","tier-premium","","",""
"10555685732651","rasveta","tier-premium","","",""
"10555742257451","rasveta","tier-premium","","",""
"9994453516587","rasveta","","","",""
"10554410565931","tier-premium","","","",""
"10566581223723","rasveta","tier-premium","","",""
"10590052188459","rasveta","tier-premium","","",""
"10437287870763","tier-premium","","","",""
"10570671161643","tier-premium","","","",""
"10588152135979","","","","",""
"10573841269035","rasveta","tier-premium","","",""
"10589331751211","rasveta","tier-premium","","",""
"10573257802027","rasveta","tier-premium","","",""
"10573259702571","rasveta","tier-premium","","",""
"10573838549291","rasveta","tier-premium","","",""
"10573259178283","rasveta","tier-premium","","",""
"10566574309675","","","","",""
"10570678927659","tier-premium","","","",""
"10555656536363","rasveta","tier-premium","","",""
"10555661091115","rasveta","","","",""
"10397708747051","rasveta","tier-premium","","",""
"10397715628331","rasveta","tier-premium","","",""
"10555823817003","rasveta","tier-premium","","",""
"10555815985451","rasveta","tier-premium","","",""
"10567236518187","sve-za-kuhinju","","","",""
"10553354158379","lepota-i-zdravlje","tier-premium","","",""
"10573984760107","tier-premium","","","",""
"10572857016619","tier-premium","","","",""
"10572438667563","","","","",""
"10589342662955","tier-premium","","","",""
"10573051035947","tier-premium","","","",""
"10574915109163","sve-za-kuhinju","","","",""
"10590677270827","tier-premium","","","",""
"10571158913323","tier-premium","","","",""
"10568787427627","tier-premium","","","",""
"10572877267243","tier-premium","","","",""
"10571189092651","tier-premium","","","",""
"10588465004843","video-nadzor","tier-premium","","",""
"10566618120491","video-nadzor","tier-premium","","",""
"10573970669867","tier-premium","","","",""
"10572656869675","","","","",""
"10410551476523","","","","",""
"10572841713963","tier-premium","","","",""
"10555749302571","sve-za-kuhinju","tier-premium","","",""
"10592946127147","solarne-kamere","video-nadzor","tier-premium","",""
"10553361465643","tier-premium","","","",""
"10589346627883","video-nadzor","tier-premium","","",""
"10566493471019","video-nadzor","tier-premium","","",""
"10568809021739","tier-premium","","","",""
"10574874050859","video-nadzor","tier-premium","","",""
"10589616734507","tier-premium","","","",""
"10588972220715","tier-premium","","","",""
"10568588886315","","","","",""
"10566838157611","lepota-i-zdravlje","","","",""
"10555780268331","lepota-i-zdravlje","tier-premium","","",""
"10589513646379","lepota-i-zdravlje","tier-premium","","",""
"10572635472171","tier-premium","","","",""
"10597761384747","","","","",""
"10589540483371","","","","",""
"10589522100523","","","","",""
"10555693105451","","","","",""
"10573259243819","","","","",""
"10589949985067","","","","",""
"10588109898027","tier-premium","","","",""
"10573711999275","","","","",""
"10567091913003","sve-za-kuhinju","","","",""
"10571957338411","","","","",""
"10572746653995","","","","",""
"10597721768235","","","","",""
"10572785942827","","","","",""
"10554753777963","lepota-i-zdravlje","tier-premium","","",""
"10409513156907","lepota-i-zdravlje","tier-premium","","",""
"10572684656939","lepota-i-zdravlje","tier-premium","","",""
"10566667239723","lepota-i-zdravlje","tier-premium","","",""
"10572438831403","","","","",""
"10589582328107","sve-za-kuhinju","","","",""
"10555690254635","sve-za-kuhinju","","","",""
"10567103283499","tier-premium","","","",""
"10572522848555","tier-premium","","","",""
"10573837533483","tier-premium","","","",""
"10575241183531","tier-premium","","","",""
"10410557505835","","","","",""
"10592674021675","tier-premium","","","",""
"10570815537451","sve-za-kuhinju","tier-premium","","",""
"10597668028715","sve-za-kuhinju","tier-premium","","",""
"10574110327083","tier-premium","","","",""
"10572562006315","","","","",""
"10590920442155","tier-premium","","","",""
"10573053624619","tier-premium","","","",""
"10573262192939","tier-premium","","","",""
"10573269991723","tier-premium","","","",""
"10555820835115","tier-premium","","","",""
"10588758606123","tier-premium","","","",""
"10592851853611","tier-premium","","","",""
"10592850542891","tier-premium","","","",""
"10574359822635","tier-premium","","","",""
"10573055983915","","","","",""
"10574178943275","","","","",""
"10573055525163","tier-premium","","","",""
"10573274087723","sve-za-kuhinju","tier-premium","","",""
"10573306036523","lepota-i-zdravlje","tier-premium","","",""
"10573305315627","lepota-i-zdravlje","tier-premium","","",""
"10573647380779","lepota-i-zdravlje","tier-premium","","",""
"10573666320683","","","","",""
"10590363025707","tier-premium","","","",""
"10597773377835","lepota-i-zdravlje","","","",""
"10590904484139","lepota-i-zdravlje","tier-premium","","",""
"10589516824875","lepota-i-zdravlje","","","",""
"10565536121131","lepota-i-zdravlje","","","",""
"10565536481579","lepota-i-zdravlje","","","",""
"10565538873643","lepota-i-zdravlje","","","",""
"10570887069995","rasveta","tier-premium","","",""
"10592545669419","lepota-i-zdravlje","tier-premium","","",""
"10566648791339","tier-premium","","","",""
"10589686726955","tier-premium","","","",""
"10589687775531","tier-premium","","","",""
"10592909590827","tier-premium","","","",""
"10589745021227","tier-premium","","","",""
"10566605013291","tier-premium","","","",""
"10592950944043","tier-premium","","","",""
"10574373290283","tier-premium","","","",""
"10573679100203","tier-premium","","","",""
"10592715440427","tier-premium","","","",""
"10592710983979","","","","",""
"10589081043243","rasveta","tier-premium","","",""
"10589078683947","rasveta","tier-premium","","",""
"10555810087211","rasveta","tier-premium","","",""
"10555811201323","lepota-i-zdravlje","","","",""
"10555685634347","rasveta","","","",""
"10573678149931","tier-premium","","","",""
"10592719733035","tier-premium","","","",""
"10568713666859","tier-premium","","","",""
"10588110094635","tier-premium","","","",""
"10573683196203","tier-premium","","","",""
"10573683949867","rasveta","tier-premium","","",""
"10590675140907","rasveta","tier-premium","","",""
"10573684506923","rasveta","tier-premium","","",""
"10570508730667","","","","",""
"10572856656171","","","","",""
"9586986549547","","","","",""
"10567099842859","rasveta","tier-premium","","",""
"10572759204139","rasveta","","","",""
"10573691158827","tier-premium","","","",""
"10573692862763","tier-premium","","","",""
"10590148690219","","","","",""
"10592884326699","tier-premium","","","",""
"10592938361131","tier-premium","","","",""
"10568651866411","","","","",""
"9022798201131","","","","",""
"10566887735595","lepota-i-zdravlje","tier-premium","","",""
"10590823809323","tier-premium","","","",""
"10590766170411","sve-za-kuhinju","tier-premium","","",""
"10409509093675","sve-za-kuhinju","tier-premium","","",""
"10555822965035","sve-za-kuhinju","tier-premium","","",""
"10571982930219","sve-za-kuhinju","tier-premium","","",""
"10573682999595","tier-premium","","","",""
"10573279887659","lepota-i-zdravlje","tier-premium","","",""
"10572761334059","baterijske-lampe","rasveta","","",""
"8903394656555","tier-premium","","","",""
"10571090854187","tier-premium","","","",""
"10568709243179","tier-premium","","","",""
"9973383037227","","","","",""
"10588884468011","tier-premium","","","",""
"10568752857387","tier-premium","","","",""
"10555747041579","tier-premium","","","",""
"10397607493931","rasveta","tier-premium","","",""
"10592889602347","","","","",""
"10566942818603","","","","",""
"10590755258667","rasveta","tier-premium","","",""
"10573698629931","tier-premium","","","",""
"10590658920747","tier-premium","","","",""
"10574099677483","tier-premium","","","",""
"10572442304811","lepota-i-zdravlje","tier-premium","","",""
"10555805204779","lepota-i-zdravlje","","","",""
"10568584823083","","","","",""
"10573708624171","tier-premium","","","",""
"10590124769579","tier-premium","","","",""
"10553359499563","baterijske-lampe","rasveta","","",""
"10573840089387","tier-premium","","","",""
"10566614843691","tier-premium","","","",""
"10590319837483","","","","",""
"10568696791339","tier-premium","","","",""
"10573061062955","tier-premium","","","",""
"10590309548331","tier-premium","","","",""
"10590944559403","","","","",""
"10573857521963","","","","",""
"10573700399403","tier-premium","","","",""
"10574086471979","tier-premium","","","",""
"10573705478443","tier-premium","","","",""
"10573708820779","tier-premium","","","",""
"10573708525867","tier-premium","","","",""
"10555801731371","lepota-i-zdravlje","","","",""
"10590857167147","tier-premium","","","",""
"10588296937771","tier-premium","","","",""
"10409510338859","tier-premium","","","",""
"10573854966059","lepota-i-zdravlje","tier-premium","","",""
"10573859815723","lepota-i-zdravlje","","","",""
"10573717930283","lepota-i-zdravlje","tier-premium","","",""
"10573839040811","lepota-i-zdravlje","tier-premium","","",""
"10597733531947","","","","",""
"10590294737195","rasveta","tier-premium","","",""
"10590676648235","tier-premium","","","",""
"10592849723691","tier-premium","","","",""
"10571986501931","tier-premium","","","",""
"10590676746539","tier-premium","","","",""
"10588494332203","tier-premium","","","",""
"10590677205291","tier-premium","","","",""
"10588789178667","tier-premium","","","",""
"10588342649131","tier-premium","","","",""
"10573261865259","tier-premium","","","",""
"10567222362411","","","","",""
"10572561285419","lepota-i-zdravlje","","","",""
"10572852298027","lepota-i-zdravlje","","","",""
"10568811151659","sve-za-kuhinju","tier-premium","","",""
"10589519413547","lepota-i-zdravlje","","","",""
"10574891385131","lepota-i-zdravlje","","","",""
"10590260855083","tier-premium","","","",""
"10555737833771","tier-premium","","","",""
"10573055590699","","","","",""
"10573056016683","","","","",""
"10572546048299","tier-premium","","","",""
"10588339536171","tier-premium","","","",""
"10590208753963","lepota-i-zdravlje","tier-premium","","",""
"10572547752235","tier-premium","","","",""
"10588091679019","sve-za-kuhinju","tier-premium","","",""
"10570679091499","tier-premium","","","",""
"10570481140011","tier-premium","","","",""
"10570455712043","tier-premium","","","",""
"10568842608939","tier-premium","","","",""
"10572768936235","tier-premium","","","",""
"9587002114347","rasveta","","","",""
"10592893501739","","","","",""
"10573776191787","lepota-i-zdravlje","tier-premium","","",""
"10566976078123","sve-za-kuhinju","","","",""
"10409520791851","sve-za-kuhinju","tier-premium","","",""
"10042679755051","sve-za-kuhinju","tier-premium","","",""
"10575205466411","","","","",""
"10566531449131","","","","",""
"10574068744491","tier-premium","","","",""
"10554406306091","tier-premium","","","",""
"10573792674091","tier-premium","","","",""
"10590308729131","tier-premium","","","",""
"10393094193451","","","","",""
"10573793296683","lepota-i-zdravlje","tier-premium","","",""
"10573791068459","lepota-i-zdravlje","","","",""
"10555808186667","lepota-i-zdravlje","tier-premium","","",""
"10555807498539","tier-premium","","","",""
"10555807236395","lepota-i-zdravlje","tier-premium","","",""
"10555806187819","lepota-i-zdravlje","","","",""
"10573793427755","lepota-i-zdravlje","tier-premium","","",""
"10555807465771","lepota-i-zdravlje","tier-premium","","",""
"10555806220587","lepota-i-zdravlje","","","",""
"10555808645419","lepota-i-zdravlje","tier-premium","","",""
"10574246478123","lepota-i-zdravlje","tier-premium","","",""
"10555115077931","tier-premium","","","",""
"10555657748779","lepota-i-zdravlje","","","",""
"10588246769963","tier-premium","","","",""
"10570644226347","tier-premium","","","",""
"10573805420843","tier-premium","","","",""
"10592949535019","tier-premium","","","",""
"10575266578731","tier-premium","","","",""
"10566607962411","","","","",""
"10573056213291","","","","",""
"10554806370603","sve-za-kuhinju","tier-premium","","",""
"10572877103403","sve-za-kuhinju","tier-premium","","",""
"10396871033131","solarne-kamere","video-nadzor","tier-premium","",""
"10597624480043","","","","",""
"10573057229099","","","","",""
"10573253312811","lepota-i-zdravlje","tier-premium","","",""
"10568657633579","lepota-i-zdravlje","","","",""
"10572837880107","lepota-i-zdravlje","","","",""
"10573806666027","tier-premium","","","",""
"10052828561707","tier-premium","","","",""
"10590888821035","tier-premium","","","",""
"9368673222955","tier-premium","","","",""
"10588108128555","lepota-i-zdravlje","tier-premium","","",""
"10555684553003","lepota-i-zdravlje","","","",""
"10589565387051","lepota-i-zdravlje","","","",""
"10572638224683","lepota-i-zdravlje","","","",""
"10590713151787","lepota-i-zdravlje","tier-premium","","",""
"10553346359595","lepota-i-zdravlje","tier-premium","","",""
"10553345671467","lepota-i-zdravlje","tier-premium","","",""
"10553346064683","lepota-i-zdravlje","tier-premium","","",""
"10590806999339","lepota-i-zdravlje","tier-premium","","",""
"10553130221867","lepota-i-zdravlje","tier-premium","","",""
"10590712594731","lepota-i-zdravlje","tier-premium","","",""
"10555625013547","lepota-i-zdravlje","tier-premium","","",""
"10553130418475","lepota-i-zdravlje","","","",""
"10590800511275","lepota-i-zdravlje","tier-premium","","",""
"10590816436523","lepota-i-zdravlje","tier-premium","","",""
"10553344721195","lepota-i-zdravlje","tier-premium","","",""
"10553341837611","lepota-i-zdravlje","tier-premium","","",""
"10590723178795","lepota-i-zdravlje","tier-premium","","",""
"10565536383275","lepota-i-zdravlje","","","",""
"10553359794475","lepota-i-zdravlje","","","",""
"10553361334571","lepota-i-zdravlje","","","",""
"10590717280555","lepota-i-zdravlje","tier-premium","","",""
"10555778236715","tier-premium","","","",""
"10554406732075","tier-premium","","","",""
"10566666322219","tier-premium","","","",""
"10590752932139","tier-premium","","","",""
"10568596881707","","","","",""
"10568574239019","","","","",""
"10568622604587","lepota-i-zdravlje","tier-premium","","",""
"10555113373995","lepota-i-zdravlje","tier-premium","","",""
"10555808678187","lepota-i-zdravlje","tier-premium","","",""
"10555806155051","lepota-i-zdravlje","tier-premium","","",""
"10566835372331","lepota-i-zdravlje","tier-premium","","",""
"10553354125611","lepota-i-zdravlje","tier-premium","","",""
"10565504860459","tier-premium","","","",""
"10573066633515","tier-premium","","","",""
"10588575433003","lepota-i-zdravlje","tier-premium","","",""
"10409513255211","lepota-i-zdravlje","tier-premium","","",""
"10588856090923","lepota-i-zdravlje","tier-premium","","",""
"10409513222443","tier-premium","","","",""
"10572387746091","tier-premium","","","",""
"10572443615531","tier-premium","","","",""
"10588058845483","tier-premium","","","",""
"10555631665451","lepota-i-zdravlje","tier-premium","","",""
"10555646837035","lepota-i-zdravlje","tier-premium","","",""
"10572774015275","","","","",""
"10572413665579","","","","",""
"10566850511147","lepota-i-zdravlje","","","",""
"10567122551083","","","","",""
"10574326432043","rasveta","tier-premium","","",""
"10572438896939","tier-premium","","","",""
"10592942850347","solarne-kamere","video-nadzor","tier-premium","",""
"10555658993963","tier-premium","","","",""
"10566529712427","tier-premium","","","",""
"10555658928427","tier-premium","","","",""
"10573265305899","","","","",""
"10573059522859","tier-premium","","","",""
"10589501063467","tier-premium","","","",""
"10592850608427","tier-premium","","","",""
"10589481664811","tier-premium","","","",""
"10589508206891","tier-premium","","","",""
"10566605177131","tier-premium","","","",""
"10588057108779","rasveta","tier-premium","","",""
"10566997836075","","","","",""
"10567118291243","","","","",""
"10573057294635","tier-premium","","","",""
"10555613872427","lepota-i-zdravlje","tier-premium","","",""
"10590374363435","rasveta","tier-premium","","",""
"10554730840363","led-trake","rasveta","","",""
"10589510893867","lepota-i-zdravlje","tier-premium","","",""
"10574174585131","lepota-i-zdravlje","","","",""
"10597712920875","lepota-i-zdravlje","","","",""
"10574855274795","lepota-i-zdravlje","","","",""
"10409421046059","lepota-i-zdravlje","","","",""
"10566536298795","tier-premium","","","",""
"10409513320747","tier-premium","","","",""
"9883013710123","tier-premium","","","",""
"10555114848555","lepota-i-zdravlje","tier-premium","","",""
"10572440240427","sve-za-kuhinju","tier-premium","","",""
"10409513648427","lepota-i-zdravlje","","","",""
"10409514565931","lepota-i-zdravlje","","","",""
"10570809016619","lepota-i-zdravlje","tier-premium","","",""
"10588110422315","tier-premium","","","",""
"10409517515051","tier-premium","","","",""
"10590706434347","lepota-i-zdravlje","","","",""
"10590890983723","","","","",""
"10555694448939","","","","",""
"10553122750763","","","","",""
"10409423503659","","","","",""
"10568565784875","","","","",""
"10555726856491","tier-premium","","","",""
"10573807583531","","","","",""
"10555773059371","","","","",""
"10565574918443","sve-za-kuhinju","","","",""
"10567258931499","tier-premium","","","",""
"10554401947947","tier-premium","","","",""
"10554402275627","","","","",""
"10573059326251","tier-premium","","","",""
"10566587056427","rasveta","tier-premium","","",""
"10555684913451","","","","",""
"10570601365803","","","","",""
"10590281728299","tier-premium","","","",""
"10566808731947","","","","",""
"10573807517995","tier-premium","","","",""
"10566638600491","sve-za-kuhinju","tier-premium","","",""
"10554415153451","","","","",""
"10555689238827","lepota-i-zdravlje","","","",""
"10555818541355","","","","",""
"10573698531627","","","","",""
"10555779776811","lepota-i-zdravlje","","","",""
"10566979879211","baterijske-lampe","rasveta","","",""
"10568597405995","led-trake","rasveta","","",""
"10568572862763","lepota-i-zdravlje","","","",""
"10589268869419","tier-premium","","","",""
"10554391527723","","","","",""
"10571987288363","tier-premium","","","",""
"10574890336555","tier-premium","","","",""
"10566865092907","","","","",""
"10555694547243","","","","",""
"9368619221291","baterijske-lampe","rasveta","","",""
"10573817446699","lepota-i-zdravlje","","","",""
"9586990022955","lepota-i-zdravlje","","","",""
"10572471140651","lepota-i-zdravlje","tier-premium","","",""
"10573866926379","lepota-i-zdravlje","","","",""
"10573820068139","lepota-i-zdravlje","tier-premium","","",""
"10553125404971","lepota-i-zdravlje","","","",""
"10553340199211","lepota-i-zdravlje","tier-premium","","",""
"10555115274539","lepota-i-zdravlje","tier-premium","","",""
"10553129238827","lepota-i-zdravlje","tier-premium","","",""
"10555683143979","lepota-i-zdravlje","tier-premium","","",""
"10553129304363","lepota-i-zdravlje","tier-premium","","",""
"10553129926955","lepota-i-zdravlje","tier-premium","","",""
"10553125863723","lepota-i-zdravlje","tier-premium","","",""
"10555683176747","lepota-i-zdravlje","tier-premium","","",""
"10553124618539","lepota-i-zdravlje","tier-premium","","",""
"10553125798187","lepota-i-zdravlje","tier-premium","","",""
"10555615248683","lepota-i-zdravlje","tier-premium","","",""
"10553129599275","lepota-i-zdravlje","tier-premium","","",""
"10573264683307","lepota-i-zdravlje","tier-premium","","",""
"10555698184491","tier-premium","","","",""
"10574659387691","lepota-i-zdravlje","","","",""
"10588128608555","","","","",""
"10597771772203","tier-premium","","","",""
"10572440666411","tier-premium","","","",""
"10555115569451","lepota-i-zdravlje","tier-premium","","",""
"10555613511979","lepota-i-zdravlje","tier-premium","","",""
"10555647263019","lepota-i-zdravlje","tier-premium","","",""
"10555115503915","lepota-i-zdravlje","tier-premium","","",""
"10555612725547","lepota-i-zdravlje","tier-premium","","",""
"10555648442667","lepota-i-zdravlje","tier-premium","","",""
"10555613446443","lepota-i-zdravlje","tier-premium","","",""
"10555646738731","lepota-i-zdravlje","tier-premium","","",""
"10567135330603","","","","",""
"9049990889771","","","","",""
"10574017102123","lepota-i-zdravlje","","","",""
"10592913785131","tier-premium","","","",""
"10590907793707","tier-premium","","","",""
"10597679792427","tier-premium","","","",""
"10570518135083","video-nadzor","tier-premium","","",""
"10590254104875","tier-premium","","","",""
"10573663404331","tier-premium","","","",""
"10590921785643","lepota-i-zdravlje","tier-premium","","",""
"10588821094699","lepota-i-zdravlje","","","",""
"10590044946731","tier-premium","","","",""
"10566797754667","tier-premium","","","",""
"10573667041579","tier-premium","","","",""
"10555720139051","tier-premium","","","",""
"10573670154539","tier-premium","","","",""
"10590943772971","lepota-i-zdravlje","tier-premium","","",""
"10589401973035","lepota-i-zdravlje","tier-premium","","",""
"10588058321195","","","","",""
"10589337649451","lepota-i-zdravlje","tier-premium","","",""
"10592561627435","lepota-i-zdravlje","tier-premium","","",""
"10590146232619","lepota-i-zdravlje","tier-premium","","",""
"10565532975403","lepota-i-zdravlje","","","",""
"10572771229995","","","","",""
"10597677564203","","","","",""
"10572445516075","","","","",""
"10573680673067","","","","",""
"10572639764779","tier-premium","","","",""
"10568706195755","","","","",""
"10409513845035","tier-premium","","","",""
"10572440633643","","","","",""
"10589336895787","","","","",""
"10555684684075","tier-premium","","","",""
"10573679165739","","","","",""
"10592914211115","tier-premium","","","",""
"10573685260587","tier-premium","","","",""
"10573820002603","tier-premium","","","",""
"10566594986283","tier-premium","","","",""
"10571835736363","tier-premium","","","",""
"10573822099755","tier-premium","","","",""
"10573688340779","tier-premium","","","",""
"10566636339499","tier-premium","","","",""
"10409514828075","tier-premium","","","",""
"10568742043947","rasveta","tier-premium","","",""
"10555631272235","lepota-i-zdravlje","tier-premium","","",""
"10553130123563","lepota-i-zdravlje","tier-premium","","",""
"10590361420075","","","","",""
"10568566636843","","","","",""
"10570672111915","tier-premium","","","",""
"10589858103595","tier-premium","","","",""
"10566630834475","","","","",""
"9380397711659","","","","",""
"10555666530603","lepota-i-zdravlje","tier-premium","","",""
"10555670528299","lepota-i-zdravlje","tier-premium","","",""
"10555665809707","lepota-i-zdravlje","tier-premium","","",""
"10555665973547","lepota-i-zdravlje","tier-premium","","",""
"10555713585451","tier-premium","","","",""
"10573689979179","tier-premium","","","",""
"10574273315115","tier-premium","","","",""
"10588395143467","","","","",""
"10566608421163","tier-premium","","","",""
"10574023786795","","","","",""
"10589032546603","lepota-i-zdravlje","tier-premium","","",""
"10590722261291","lepota-i-zdravlje","tier-premium","","",""
"10590721737003","lepota-i-zdravlje","tier-premium","","",""
"10589102735659","lepota-i-zdravlje","tier-premium","","",""
"10589102342443","lepota-i-zdravlje","tier-premium","","",""
"10592511557931","lepota-i-zdravlje","tier-premium","","",""
"10590729503019","lepota-i-zdravlje","tier-premium","","",""
"10589030973739","lepota-i-zdravlje","","","",""
"10589030842667","lepota-i-zdravlje","tier-premium","","",""
"10589031891243","lepota-i-zdravlje","tier-premium","","",""
"10589016424747","tier-premium","","","",""
"10590709350699","lepota-i-zdravlje","tier-premium","","",""
"10588261122347","tier-premium","","","",""
"10589018456363","lepota-i-zdravlje","tier-premium","","",""
"10588216951083","tier-premium","","","",""
"10590717706539","lepota-i-zdravlje","tier-premium","","",""
"10590715248939","lepota-i-zdravlje","tier-premium","","",""
"10589052207403","lepota-i-zdravlje","tier-premium","","",""
"10590717935915","lepota-i-zdravlje","tier-premium","","",""
"10590275404075","lepota-i-zdravlje","tier-premium","","",""
"10588220948779","tier-premium","","","",""
"10590710890795","lepota-i-zdravlje","tier-premium","","",""
"10590716690731","lepota-i-zdravlje","tier-premium","","",""
"10590268555563","lepota-i-zdravlje","tier-premium","","",""
"10589018882347","lepota-i-zdravlje","tier-premium","","",""
"10592522076459","lepota-i-zdravlje","tier-premium","","",""
"10589100638507","lepota-i-zdravlje","tier-premium","","",""
"10590709121323","lepota-i-zdravlje","tier-premium","","",""
"10590955634987","lepota-i-zdravlje","tier-premium","","",""
"10590711873835","lepota-i-zdravlje","tier-premium","","",""
"10590719017259","lepota-i-zdravlje","tier-premium","","",""
"10589022617899","lepota-i-zdravlje","tier-premium","","",""
"10589031104811","lepota-i-zdravlje","tier-premium","","",""
"10592510181675","lepota-i-zdravlje","tier-premium","","",""
"10592491110699","lepota-i-zdravlje","tier-premium","","",""
"10589031268651","lepota-i-zdravlje","tier-premium","","",""
"10589017178411","lepota-i-zdravlje","tier-premium","","",""
"10590714790187","lepota-i-zdravlje","tier-premium","","",""
"10590726488363","lepota-i-zdravlje","tier-premium","","",""
"10590728913195","lepota-i-zdravlje","tier-premium","","",""
"10590726684971","lepota-i-zdravlje","tier-premium","","",""
"10410555572523","lepota-i-zdravlje","tier-premium","","",""
"10555819491627","lepota-i-zdravlje","tier-premium","","",""
"10570900472107","lepota-i-zdravlje","tier-premium","","",""
"10574660698411","lepota-i-zdravlje","tier-premium","","",""
"10565541888299","lepota-i-zdravlje","tier-premium","","",""
"10566592954667","tier-premium","","","",""
"10566473941291","kompleti-za-nadzor","video-nadzor","tier-premium","",""
"10572334137643","tier-premium","","","",""
"10409506308395","tier-premium","","","",""
"10568776778027","tier-premium","","","",""
"10565568463147","tier-premium","","","",""
"10572841517355","lepota-i-zdravlje","","","",""
"10574914814251","","","","",""
"10592545276203","tier-premium","","","",""
"9586998182187","","","","",""
"10589692330283","tier-premium","","","",""
"10566872072491","tier-premium","","","",""
"10555658240299","tier-premium","","","",""
"10590702698795","tier-premium","","","",""
"10572390039851","tier-premium","","","",""
"10589338960171","rasveta","tier-premium","","",""
"10589337977131","tier-premium","","","",""
"10089753739563","sve-za-kuhinju","tier-premium","","",""
"10590849499435","tier-premium","","","",""
"10566801228075","","","","",""
"10566889079083","sve-za-kuhinju","","","",""
"10588385673515","tier-premium","","","",""
"10554754203947","lepota-i-zdravlje","tier-premium","","",""
"10567135265067","","","","",""
"10555748909355","","","","",""
"10574634844459","sve-za-kuhinju","","","",""
"10589419438379","tier-premium","","","",""
"10589421207851","tier-premium","","","",""
"10589423665451","tier-premium","","","",""
"10589419929899","tier-premium","","","",""
"10567151288619","","","","",""
"10567226032427","","","","",""
"10566574932267","","","","",""
"10570688987435","tier-premium","","","",""
"10565525405995","tier-premium","","","",""
"10574669578539","","","","",""
"10555824177451","","","","",""
"10590261870891","tier-premium","","","",""
"10570832019755","","","","",""
"10590409916715","","","","",""
"10590377607467","","","","",""
"10566615302443","tier-premium","","","",""
"10572768608555","tier-premium","","","",""
"10409515155755","tier-premium","","","",""
"10590891999531","tier-premium","","","",""
"10573065519403","rasveta","tier-premium","","",""
"10555780596011","tier-premium","","","",""
"10555778597163","","","","",""
"10437287903531","sve-za-kuhinju","tier-premium","","",""
"10592685261099","tier-premium","","","",""
"10567221248299","","","","",""
"10572877398315","tier-premium","","","",""
"10566665961771","","","","",""
"10568586395947","","","","",""
"10073600655659","","","","",""
"10572441911595","","","","",""
"10572856787243","","","","",""
"10572549325099","tier-premium","","","",""
"10571987517739","","","","",""
"10572906168619","","","","",""
"10554693288235","tier-premium","","","",""
"10570935927083","lepota-i-zdravlje","","","",""
"10573875183915","tier-premium","","","",""
"10572791677227","","","","",""
"10589986717995","lepota-i-zdravlje","","","",""
"10574218592555","lepota-i-zdravlje","tier-premium","","",""
"10588571271467","","","","",""
"10396876505387","video-nadzor","tier-premium","","",""
"10396873425195","video-nadzor","tier-premium","","",""
"10396874113323","video-nadzor","tier-premium","","",""
"10396874866987","video-nadzor","tier-premium","","",""
"10568680243499","sijalica-kamere","video-nadzor","tier-premium","",""
"10555780759851","tier-premium","","","",""
"10572877463851","solarne-kamere","video-nadzor","tier-premium","",""
"10396873949483","sijalica-kamere","video-nadzor","tier-premium","",""
"10574090371371","video-nadzor","tier-premium","","",""
"10555780366635","tier-premium","","","",""
"10572881101099","rasveta","tier-premium","","",""
"10555822670123","tier-premium","","","",""
"10555823259947","video-nadzor","tier-premium","","",""
"10572880412971","video-nadzor","tier-premium","","",""
"10572880773419","video-nadzor","tier-premium","","",""
"10570505388331","sijalica-kamere","video-nadzor","tier-premium","",""
"10565596905771","tier-premium","","","",""
"10588683764011","sijalica-kamere","video-nadzor","tier-premium","",""
"10592681951531","tier-premium","","","",""
"10590053400875","tier-premium","","","",""
"10589344235819","video-nadzor","tier-premium","","",""
"10590227431723","tier-premium","","","",""
"10573694173483","tier-premium","","","",""
"10573863747883","rasveta","tier-premium","","",""
"10554748633387","tier-premium","","","",""
"10573699809579","tier-premium","","","",""
"10597753094443","tier-premium","","","",""
"10571987058987","video-nadzor","tier-premium","","",""
"10590679925035","video-nadzor","tier-premium","","",""
"10571988795691","solarne-kamere","video-nadzor","tier-premium","",""
"10553366544683","tier-premium","","","",""
"10573695451435","tier-premium","","","",""
"10568806400299","rasveta","tier-premium","","",""
"10572879986987","rasveta","tier-premium","","",""
"10592610091307","kompleti-za-nadzor","video-nadzor","tier-premium","",""
"10588518318379","video-nadzor","tier-premium","","",""
"10566693355819","rasveta","tier-premium","","",""
"10396860711211","tier-premium","","","",""
"10568741650731","tier-premium","","","",""
"10592941474091","tier-premium","","","",""
"10590921195819","tier-premium","","","",""
"10396876407083","solarne-kamere","video-nadzor","tier-premium","",""
"10592885440811","tier-premium","","","",""
"10588513468715","tier-premium","","","",""
"10409506177323","tier-premium","","","",""
"10589969383723","tier-premium","","","",""
"10555740881195","rasveta","tier-premium","","",""
"10570715693355","tier-premium","","","",""
"10555680325931","tier-premium","","","",""
"10568684568875","lepota-i-zdravlje","","","",""
"10589184196907","tier-premium","","","",""
"10409515286827","","","","",""
"10409420456235","","","","",""
"10568769569067","","","","",""
"10566921355563","","","","",""
"9787220951339","","","","",""
"8912530768171","tier-premium","","","",""
"9586997854507","sve-za-kuhinju","","","",""
"9381506842923","lepota-i-zdravlje","","","",""
"10573699514667","sve-za-kuhinju","","","",""
"10571986305323","rasveta","tier-premium","","",""
"10555778269483","tier-premium","","","",""
"10573700038955","","","","",""
"10572446138667","","","","",""
"10592513392939","lepota-i-zdravlje","tier-premium","","",""
"10590038753579","tier-premium","","","",""
"10570932945195","tier-premium","","","",""
"10568693973291","","","","",""
"10555781218603","sve-za-kuhinju","","","",""
"10553122488619","","","","",""
"10590756012331","tier-premium","","","",""
"10555620196651","","","","",""
"10566470074667","","","","",""
"10566466797867","","","","",""
"10555083063595","rasveta","tier-premium","","",""
"10555079885099","rasveta","tier-premium","","",""
"10590764564779","rasveta","","","",""
"10590764499243","rasveta","","","",""
"10555084996907","rasveta","tier-premium","","",""
"10555002847531","rasveta","tier-premium","","",""
"10589978624299","rasveta","tier-premium","","",""
"10572880871723","tier-premium","","","",""
"10589338763563","tier-premium","","","",""
"10572885786923","tier-premium","","","",""
"10568600944939","","","","",""
"10572772344107","sve-za-kuhinju","tier-premium","","",""
"10589510762795","tier-premium","","","",""
"10555659059499","rasveta","","","",""
"10590673207595","rasveta","","","",""
"10568798404907","tier-premium","","","",""
"10588158656811","tier-premium","","","",""
"10570645045547","tier-premium","","","",""
"10565568332075","tier-premium","","","",""
"10566502318379","tier-premium","","","",""
"10573700694315","","","","",""
"10574124155179","tier-premium","","","",""
"10555775877419","tier-premium","","","",""
"10566657212715","tier-premium","","","",""
"10566602719531","tier-premium","","","",""
"10566627590443","rasveta","tier-premium","","",""
"10553361858859","tier-premium","","","",""
"10553362022699","tier-premium","","","",""
"10553361727787","","","","",""
